year,employer_class,unit,price_basis,accounting_basis,legal_employer_rate_total,legal_due,recorded_cga_employer_revenue,timing_adjustments,arrears_corrections,base_definition_adjustment,perimeter_adjustment,legal_compliance_gap,economic_benchmark_rate_total,economic_benchmark_due,economic_benchmark_gap,source_ids,legal_rate_basis,economic_benchmark_basis,missing_inputs,claim_permitted,status,notes
1977,central_state_integrated_services,EUR_million,current_prices,legal_cash_reconciliation,,,,,,,,,,,,DGO_CGE_ARCHIVE,blocked_missing_primary_law_rate_history,not_applicable_until_legal_rate_bounded,legal_employer_rate_total;employer_class_payroll_base;legal_due;recorded_cga_employer_revenue;timing_adjustments;arrears_corrections;base_definition_adjustment;perimeter_adjustment;economic_benchmark_due,no,blocked_missing_legal_payroll_and_revenue_data,Legal compliance gap and economic benchmark gap cannot be computed; economic benchmark is not a legal debt.
1977,entities_already_contributing_before_2007,EUR_million,current_prices,legal_cash_reconciliation,,,,,,,,,,,,DGO_CGE_ARCHIVE,blocked_missing_primary_law_rate_history,not_applicable_until_legal_rate_bounded,legal_employer_rate_total;employer_class_payroll_base;legal_due;recorded_cga_employer_revenue;timing_adjustments;arrears_corrections;base_definition_adjustment;perimeter_adjustment;economic_benchmark_due,no,blocked_missing_legal_payroll_and_revenue_data,Legal compliance gap and economic benchmark gap cannot be computed; economic benchmark is not a legal debt.
1977,autonomous_entities_first_covered_2007,EUR_million,current_prices,legal_cash_reconciliation,,,,,,,,,,,,DGO_CGE_ARCHIVE,blocked_missing_primary_law_rate_history,not_applicable_until_legal_rate_bounded,legal_employer_rate_total;employer_class_payroll_base;legal_due;recorded_cga_employer_revenue;timing_adjustments;arrears_corrections;base_definition_adjustment;perimeter_adjustment;economic_benchmark_due,no,blocked_missing_legal_payroll_and_revenue_data,Legal compliance gap and economic benchmark gap cannot be computed; economic benchmark is not a legal debt.
1977,entities_first_covered_2009,EUR_million,current_prices,legal_cash_reconciliation,,,,,,,,,,,,DGO_CGE_ARCHIVE,blocked_missing_primary_law_rate_history,not_applicable_until_legal_rate_bounded,legal_employer_rate_total;employer_class_payroll_base;legal_due;recorded_cga_employer_revenue;timing_adjustments;arrears_corrections;base_definition_adjustment;perimeter_adjustment;economic_benchmark_due,no,blocked_missing_legal_payroll_and_revenue_data,Legal compliance gap and economic benchmark gap cannot be computed; economic benchmark is not a legal debt.
1978,central_state_integrated_services,EUR_million,current_prices,legal_cash_reconciliation,,,,,,,,,,,,DGO_CGE_ARCHIVE,blocked_missing_primary_law_rate_history,not_applicable_until_legal_rate_bounded,legal_employer_rate_total;employer_class_payroll_base;legal_due;recorded_cga_employer_revenue;timing_adjustments;arrears_corrections;base_definition_adjustment;perimeter_adjustment;economic_benchmark_due,no,blocked_missing_legal_payroll_and_revenue_data,Legal compliance gap and economic benchmark gap cannot be computed; economic benchmark is not a legal debt.
1978,entities_already_contributing_before_2007,EUR_million,current_prices,legal_cash_reconciliation,,,,,,,,,,,,DGO_CGE_ARCHIVE,blocked_missing_primary_law_rate_history,not_applicable_until_legal_rate_bounded,legal_employer_rate_total;employer_class_payroll_base;legal_due;recorded_cga_employer_revenue;timing_adjustments;arrears_corrections;base_definition_adjustment;perimeter_adjustment;economic_benchmark_due,no,blocked_missing_legal_payroll_and_revenue_data,Legal compliance gap and economic benchmark gap cannot be computed; economic benchmark is not a legal debt.
1978,autonomous_entities_first_covered_2007,EUR_million,current_prices,legal_cash_reconciliation,,,,,,,,,,,,DGO_CGE_ARCHIVE,blocked_missing_primary_law_rate_history,not_applicable_until_legal_rate_bounded,legal_employer_rate_total;employer_class_payroll_base;legal_due;recorded_cga_employer_revenue;timing_adjustments;arrears_corrections;base_definition_adjustment;perimeter_adjustment;economic_benchmark_due,no,blocked_missing_legal_payroll_and_revenue_data,Legal compliance gap and economic benchmark gap cannot be computed; economic benchmark is not a legal debt.
1978,entities_first_covered_2009,EUR_million,current_prices,legal_cash_reconciliation,,,,,,,,,,,,DGO_CGE_ARCHIVE,blocked_missing_primary_law_rate_history,not_applicable_until_legal_rate_bounded,legal_employer_rate_total;employer_class_payroll_base;legal_due;recorded_cga_employer_revenue;timing_adjustments;arrears_corrections;base_definition_adjustment;perimeter_adjustment;economic_benchmark_due,no,blocked_missing_legal_payroll_and_revenue_data,Legal compliance gap and economic benchmark gap cannot be computed; economic benchmark is not a legal debt.
1979,central_state_integrated_services,EUR_million,current_prices,legal_cash_reconciliation,,,,,,,,,,,,DGO_CGE_ARCHIVE,blocked_missing_primary_law_rate_history,not_applicable_until_legal_rate_bounded,legal_employer_rate_total;employer_class_payroll_base;legal_due;recorded_cga_employer_revenue;timing_adjustments;arrears_corrections;base_definition_adjustment;perimeter_adjustment;economic_benchmark_due,no,blocked_missing_legal_payroll_and_revenue_data,Legal compliance gap and economic benchmark gap cannot be computed; economic benchmark is not a legal debt.
1979,entities_already_contributing_before_2007,EUR_million,current_prices,legal_cash_reconciliation,,,,,,,,,,,,DGO_CGE_ARCHIVE,blocked_missing_primary_law_rate_history,not_applicable_until_legal_rate_bounded,legal_employer_rate_total;employer_class_payroll_base;legal_due;recorded_cga_employer_revenue;timing_adjustments;arrears_corrections;base_definition_adjustment;perimeter_adjustment;economic_benchmark_due,no,blocked_missing_legal_payroll_and_revenue_data,Legal compliance gap and economic benchmark gap cannot be computed; economic benchmark is not a legal debt.
1979,autonomous_entities_first_covered_2007,EUR_million,current_prices,legal_cash_reconciliation,,,,,,,,,,,,DGO_CGE_ARCHIVE,blocked_missing_primary_law_rate_history,not_applicable_until_legal_rate_bounded,legal_employer_rate_total;employer_class_payroll_base;legal_due;recorded_cga_employer_revenue;timing_adjustments;arrears_corrections;base_definition_adjustment;perimeter_adjustment;economic_benchmark_due,no,blocked_missing_legal_payroll_and_revenue_data,Legal compliance gap and economic benchmark gap cannot be computed; economic benchmark is not a legal debt.
1979,entities_first_covered_2009,EUR_million,current_prices,legal_cash_reconciliation,,,,,,,,,,,,DGO_CGE_ARCHIVE,blocked_missing_primary_law_rate_history,not_applicable_until_legal_rate_bounded,legal_employer_rate_total;employer_class_payroll_base;legal_due;recorded_cga_employer_revenue;timing_adjustments;arrears_corrections;base_definition_adjustment;perimeter_adjustment;economic_benchmark_due,no,blocked_missing_legal_payroll_and_revenue_data,Legal compliance gap and economic benchmark gap cannot be computed; economic benchmark is not a legal debt.
1980,central_state_integrated_services,EUR_million,current_prices,legal_cash_reconciliation,,,,,,,,,,,,DGO_CGE_ARCHIVE,blocked_missing_primary_law_rate_history,not_applicable_until_legal_rate_bounded,legal_employer_rate_total;employer_class_payroll_base;legal_due;recorded_cga_employer_revenue;timing_adjustments;arrears_corrections;base_definition_adjustment;perimeter_adjustment;economic_benchmark_due,no,blocked_missing_legal_payroll_and_revenue_data,Legal compliance gap and economic benchmark gap cannot be computed; economic benchmark is not a legal debt.
1980,entities_already_contributing_before_2007,EUR_million,current_prices,legal_cash_reconciliation,,,,,,,,,,,,DGO_CGE_ARCHIVE,blocked_missing_primary_law_rate_history,not_applicable_until_legal_rate_bounded,legal_employer_rate_total;employer_class_payroll_base;legal_due;recorded_cga_employer_revenue;timing_adjustments;arrears_corrections;base_definition_adjustment;perimeter_adjustment;economic_benchmark_due,no,blocked_missing_legal_payroll_and_revenue_data,Legal compliance gap and economic benchmark gap cannot be computed; economic benchmark is not a legal debt.
1980,autonomous_entities_first_covered_2007,EUR_million,current_prices,legal_cash_reconciliation,,,,,,,,,,,,DGO_CGE_ARCHIVE,blocked_missing_primary_law_rate_history,not_applicable_until_legal_rate_bounded,legal_employer_rate_total;employer_class_payroll_base;legal_due;recorded_cga_employer_revenue;timing_adjustments;arrears_corrections;base_definition_adjustment;perimeter_adjustment;economic_benchmark_due,no,blocked_missing_legal_payroll_and_revenue_data,Legal compliance gap and economic benchmark gap cannot be computed; economic benchmark is not a legal debt.
1980,entities_first_covered_2009,EUR_million,current_prices,legal_cash_reconciliation,,,,,,,,,,,,DGO_CGE_ARCHIVE,blocked_missing_primary_law_rate_history,not_applicable_until_legal_rate_bounded,legal_employer_rate_total;employer_class_payroll_base;legal_due;recorded_cga_employer_revenue;timing_adjustments;arrears_corrections;base_definition_adjustment;perimeter_adjustment;economic_benchmark_due,no,blocked_missing_legal_payroll_and_revenue_data,Legal compliance gap and economic benchmark gap cannot be computed; economic benchmark is not a legal debt.
1981,central_state_integrated_services,EUR_million,current_prices,legal_cash_reconciliation,,,,,,,,,,,,DGO_CGE_ARCHIVE,blocked_missing_primary_law_rate_history,not_applicable_until_legal_rate_bounded,legal_employer_rate_total;employer_class_payroll_base;legal_due;recorded_cga_employer_revenue;timing_adjustments;arrears_corrections;base_definition_adjustment;perimeter_adjustment;economic_benchmark_due,no,blocked_missing_legal_payroll_and_revenue_data,Legal compliance gap and economic benchmark gap cannot be computed; economic benchmark is not a legal debt.
1981,entities_already_contributing_before_2007,EUR_million,current_prices,legal_cash_reconciliation,,,,,,,,,,,,DGO_CGE_ARCHIVE,blocked_missing_primary_law_rate_history,not_applicable_until_legal_rate_bounded,legal_employer_rate_total;employer_class_payroll_base;legal_due;recorded_cga_employer_revenue;timing_adjustments;arrears_corrections;base_definition_adjustment;perimeter_adjustment;economic_benchmark_due,no,blocked_missing_legal_payroll_and_revenue_data,Legal compliance gap and economic benchmark gap cannot be computed; economic benchmark is not a legal debt.
1981,autonomous_entities_first_covered_2007,EUR_million,current_prices,legal_cash_reconciliation,,,,,,,,,,,,DGO_CGE_ARCHIVE,blocked_missing_primary_law_rate_history,not_applicable_until_legal_rate_bounded,legal_employer_rate_total;employer_class_payroll_base;legal_due;recorded_cga_employer_revenue;timing_adjustments;arrears_corrections;base_definition_adjustment;perimeter_adjustment;economic_benchmark_due,no,blocked_missing_legal_payroll_and_revenue_data,Legal compliance gap and economic benchmark gap cannot be computed; economic benchmark is not a legal debt.
1981,entities_first_covered_2009,EUR_million,current_prices,legal_cash_reconciliation,,,,,,,,,,,,DGO_CGE_ARCHIVE,blocked_missing_primary_law_rate_history,not_applicable_until_legal_rate_bounded,legal_employer_rate_total;employer_class_payroll_base;legal_due;recorded_cga_employer_revenue;timing_adjustments;arrears_corrections;base_definition_adjustment;perimeter_adjustment;economic_benchmark_due,no,blocked_missing_legal_payroll_and_revenue_data,Legal compliance gap and economic benchmark gap cannot be computed; economic benchmark is not a legal debt.
1982,central_state_integrated_services,EUR_million,current_prices,legal_cash_reconciliation,,,,,,,,,,,,DGO_CGE_ARCHIVE,blocked_missing_primary_law_rate_history,not_applicable_until_legal_rate_bounded,legal_employer_rate_total;employer_class_payroll_base;legal_due;recorded_cga_employer_revenue;timing_adjustments;arrears_corrections;base_definition_adjustment;perimeter_adjustment;economic_benchmark_due,no,blocked_missing_legal_payroll_and_revenue_data,Legal compliance gap and economic benchmark gap cannot be computed; economic benchmark is not a legal debt.
1982,entities_already_contributing_before_2007,EUR_million,current_prices,legal_cash_reconciliation,,,,,,,,,,,,DGO_CGE_ARCHIVE,blocked_missing_primary_law_rate_history,not_applicable_until_legal_rate_bounded,legal_employer_rate_total;employer_class_payroll_base;legal_due;recorded_cga_employer_revenue;timing_adjustments;arrears_corrections;base_definition_adjustment;perimeter_adjustment;economic_benchmark_due,no,blocked_missing_legal_payroll_and_revenue_data,Legal compliance gap and economic benchmark gap cannot be computed; economic benchmark is not a legal debt.
1982,autonomous_entities_first_covered_2007,EUR_million,current_prices,legal_cash_reconciliation,,,,,,,,,,,,DGO_CGE_ARCHIVE,blocked_missing_primary_law_rate_history,not_applicable_until_legal_rate_bounded,legal_employer_rate_total;employer_class_payroll_base;legal_due;recorded_cga_employer_revenue;timing_adjustments;arrears_corrections;base_definition_adjustment;perimeter_adjustment;economic_benchmark_due,no,blocked_missing_legal_payroll_and_revenue_data,Legal compliance gap and economic benchmark gap cannot be computed; economic benchmark is not a legal debt.
1982,entities_first_covered_2009,EUR_million,current_prices,legal_cash_reconciliation,,,,,,,,,,,,DGO_CGE_ARCHIVE,blocked_missing_primary_law_rate_history,not_applicable_until_legal_rate_bounded,legal_employer_rate_total;employer_class_payroll_base;legal_due;recorded_cga_employer_revenue;timing_adjustments;arrears_corrections;base_definition_adjustment;perimeter_adjustment;economic_benchmark_due,no,blocked_missing_legal_payroll_and_revenue_data,Legal compliance gap and economic benchmark gap cannot be computed; economic benchmark is not a legal debt.
1983,central_state_integrated_services,EUR_million,current_prices,legal_cash_reconciliation,,,,,,,,,,,,DGO_CGE_ARCHIVE,blocked_missing_primary_law_rate_history,not_applicable_until_legal_rate_bounded,legal_employer_rate_total;employer_class_payroll_base;legal_due;recorded_cga_employer_revenue;timing_adjustments;arrears_corrections;base_definition_adjustment;perimeter_adjustment;economic_benchmark_due,no,blocked_missing_legal_payroll_and_revenue_data,Legal compliance gap and economic benchmark gap cannot be computed; economic benchmark is not a legal debt.
1983,entities_already_contributing_before_2007,EUR_million,current_prices,legal_cash_reconciliation,,,,,,,,,,,,DGO_CGE_ARCHIVE,blocked_missing_primary_law_rate_history,not_applicable_until_legal_rate_bounded,legal_employer_rate_total;employer_class_payroll_base;legal_due;recorded_cga_employer_revenue;timing_adjustments;arrears_corrections;base_definition_adjustment;perimeter_adjustment;economic_benchmark_due,no,blocked_missing_legal_payroll_and_revenue_data,Legal compliance gap and economic benchmark gap cannot be computed; economic benchmark is not a legal debt.
1983,autonomous_entities_first_covered_2007,EUR_million,current_prices,legal_cash_reconciliation,,,,,,,,,,,,DGO_CGE_ARCHIVE,blocked_missing_primary_law_rate_history,not_applicable_until_legal_rate_bounded,legal_employer_rate_total;employer_class_payroll_base;legal_due;recorded_cga_employer_revenue;timing_adjustments;arrears_corrections;base_definition_adjustment;perimeter_adjustment;economic_benchmark_due,no,blocked_missing_legal_payroll_and_revenue_data,Legal compliance gap and economic benchmark gap cannot be computed; economic benchmark is not a legal debt.
1983,entities_first_covered_2009,EUR_million,current_prices,legal_cash_reconciliation,,,,,,,,,,,,DGO_CGE_ARCHIVE,blocked_missing_primary_law_rate_history,not_applicable_until_legal_rate_bounded,legal_employer_rate_total;employer_class_payroll_base;legal_due;recorded_cga_employer_revenue;timing_adjustments;arrears_corrections;base_definition_adjustment;perimeter_adjustment;economic_benchmark_due,no,blocked_missing_legal_payroll_and_revenue_data,Legal compliance gap and economic benchmark gap cannot be computed; economic benchmark is not a legal debt.
1984,central_state_integrated_services,EUR_million,current_prices,legal_cash_reconciliation,,,,,,,,,,,,DGO_CGE_ARCHIVE,blocked_missing_primary_law_rate_history,not_applicable_until_legal_rate_bounded,legal_employer_rate_total;employer_class_payroll_base;legal_due;recorded_cga_employer_revenue;timing_adjustments;arrears_corrections;base_definition_adjustment;perimeter_adjustment;economic_benchmark_due,no,blocked_missing_legal_payroll_and_revenue_data,Legal compliance gap and economic benchmark gap cannot be computed; economic benchmark is not a legal debt.
1984,entities_already_contributing_before_2007,EUR_million,current_prices,legal_cash_reconciliation,,,,,,,,,,,,DGO_CGE_ARCHIVE,blocked_missing_primary_law_rate_history,not_applicable_until_legal_rate_bounded,legal_employer_rate_total;employer_class_payroll_base;legal_due;recorded_cga_employer_revenue;timing_adjustments;arrears_corrections;base_definition_adjustment;perimeter_adjustment;economic_benchmark_due,no,blocked_missing_legal_payroll_and_revenue_data,Legal compliance gap and economic benchmark gap cannot be computed; economic benchmark is not a legal debt.
1984,autonomous_entities_first_covered_2007,EUR_million,current_prices,legal_cash_reconciliation,,,,,,,,,,,,DGO_CGE_ARCHIVE,blocked_missing_primary_law_rate_history,not_applicable_until_legal_rate_bounded,legal_employer_rate_total;employer_class_payroll_base;legal_due;recorded_cga_employer_revenue;timing_adjustments;arrears_corrections;base_definition_adjustment;perimeter_adjustment;economic_benchmark_due,no,blocked_missing_legal_payroll_and_revenue_data,Legal compliance gap and economic benchmark gap cannot be computed; economic benchmark is not a legal debt.
1984,entities_first_covered_2009,EUR_million,current_prices,legal_cash_reconciliation,,,,,,,,,,,,DGO_CGE_ARCHIVE,blocked_missing_primary_law_rate_history,not_applicable_until_legal_rate_bounded,legal_employer_rate_total;employer_class_payroll_base;legal_due;recorded_cga_employer_revenue;timing_adjustments;arrears_corrections;base_definition_adjustment;perimeter_adjustment;economic_benchmark_due,no,blocked_missing_legal_payroll_and_revenue_data,Legal compliance gap and economic benchmark gap cannot be computed; economic benchmark is not a legal debt.
1985,central_state_integrated_services,EUR_million,current_prices,legal_cash_reconciliation,,,,,,,,,,,,DGO_CGE_ARCHIVE,blocked_missing_primary_law_rate_history,not_applicable_until_legal_rate_bounded,legal_employer_rate_total;employer_class_payroll_base;legal_due;recorded_cga_employer_revenue;timing_adjustments;arrears_corrections;base_definition_adjustment;perimeter_adjustment;economic_benchmark_due,no,blocked_missing_legal_payroll_and_revenue_data,Legal compliance gap and economic benchmark gap cannot be computed; economic benchmark is not a legal debt.
1985,entities_already_contributing_before_2007,EUR_million,current_prices,legal_cash_reconciliation,,,,,,,,,,,,DGO_CGE_ARCHIVE,blocked_missing_primary_law_rate_history,not_applicable_until_legal_rate_bounded,legal_employer_rate_total;employer_class_payroll_base;legal_due;recorded_cga_employer_revenue;timing_adjustments;arrears_corrections;base_definition_adjustment;perimeter_adjustment;economic_benchmark_due,no,blocked_missing_legal_payroll_and_revenue_data,Legal compliance gap and economic benchmark gap cannot be computed; economic benchmark is not a legal debt.
1985,autonomous_entities_first_covered_2007,EUR_million,current_prices,legal_cash_reconciliation,,,,,,,,,,,,DGO_CGE_ARCHIVE,blocked_missing_primary_law_rate_history,not_applicable_until_legal_rate_bounded,legal_employer_rate_total;employer_class_payroll_base;legal_due;recorded_cga_employer_revenue;timing_adjustments;arrears_corrections;base_definition_adjustment;perimeter_adjustment;economic_benchmark_due,no,blocked_missing_legal_payroll_and_revenue_data,Legal compliance gap and economic benchmark gap cannot be computed; economic benchmark is not a legal debt.
1985,entities_first_covered_2009,EUR_million,current_prices,legal_cash_reconciliation,,,,,,,,,,,,DGO_CGE_ARCHIVE,blocked_missing_primary_law_rate_history,not_applicable_until_legal_rate_bounded,legal_employer_rate_total;employer_class_payroll_base;legal_due;recorded_cga_employer_revenue;timing_adjustments;arrears_corrections;base_definition_adjustment;perimeter_adjustment;economic_benchmark_due,no,blocked_missing_legal_payroll_and_revenue_data,Legal compliance gap and economic benchmark gap cannot be computed; economic benchmark is not a legal debt.
1986,central_state_integrated_services,EUR_million,current_prices,legal_cash_reconciliation,,,,,,,,,,,,DGO_CGE_ARCHIVE,blocked_missing_primary_law_rate_history,not_applicable_until_legal_rate_bounded,legal_employer_rate_total;employer_class_payroll_base;legal_due;recorded_cga_employer_revenue;timing_adjustments;arrears_corrections;base_definition_adjustment;perimeter_adjustment;economic_benchmark_due,no,blocked_missing_legal_payroll_and_revenue_data,Legal compliance gap and economic benchmark gap cannot be computed; economic benchmark is not a legal debt.
1986,entities_already_contributing_before_2007,EUR_million,current_prices,legal_cash_reconciliation,,,,,,,,,,,,DGO_CGE_ARCHIVE,blocked_missing_primary_law_rate_history,not_applicable_until_legal_rate_bounded,legal_employer_rate_total;employer_class_payroll_base;legal_due;recorded_cga_employer_revenue;timing_adjustments;arrears_corrections;base_definition_adjustment;perimeter_adjustment;economic_benchmark_due,no,blocked_missing_legal_payroll_and_revenue_data,Legal compliance gap and economic benchmark gap cannot be computed; economic benchmark is not a legal debt.
1986,autonomous_entities_first_covered_2007,EUR_million,current_prices,legal_cash_reconciliation,,,,,,,,,,,,DGO_CGE_ARCHIVE,blocked_missing_primary_law_rate_history,not_applicable_until_legal_rate_bounded,legal_employer_rate_total;employer_class_payroll_base;legal_due;recorded_cga_employer_revenue;timing_adjustments;arrears_corrections;base_definition_adjustment;perimeter_adjustment;economic_benchmark_due,no,blocked_missing_legal_payroll_and_revenue_data,Legal compliance gap and economic benchmark gap cannot be computed; economic benchmark is not a legal debt.
1986,entities_first_covered_2009,EUR_million,current_prices,legal_cash_reconciliation,,,,,,,,,,,,DGO_CGE_ARCHIVE,blocked_missing_primary_law_rate_history,not_applicable_until_legal_rate_bounded,legal_employer_rate_total;employer_class_payroll_base;legal_due;recorded_cga_employer_revenue;timing_adjustments;arrears_corrections;base_definition_adjustment;perimeter_adjustment;economic_benchmark_due,no,blocked_missing_legal_payroll_and_revenue_data,Legal compliance gap and economic benchmark gap cannot be computed; economic benchmark is not a legal debt.
1987,central_state_integrated_services,EUR_million,current_prices,legal_cash_reconciliation,,,,,,,,,,,,DGO_CGE_ARCHIVE,blocked_missing_primary_law_rate_history,not_applicable_until_legal_rate_bounded,legal_employer_rate_total;employer_class_payroll_base;legal_due;recorded_cga_employer_revenue;timing_adjustments;arrears_corrections;base_definition_adjustment;perimeter_adjustment;economic_benchmark_due,no,blocked_missing_legal_payroll_and_revenue_data,Legal compliance gap and economic benchmark gap cannot be computed; economic benchmark is not a legal debt.
1987,entities_already_contributing_before_2007,EUR_million,current_prices,legal_cash_reconciliation,,,,,,,,,,,,DGO_CGE_ARCHIVE,blocked_missing_primary_law_rate_history,not_applicable_until_legal_rate_bounded,legal_employer_rate_total;employer_class_payroll_base;legal_due;recorded_cga_employer_revenue;timing_adjustments;arrears_corrections;base_definition_adjustment;perimeter_adjustment;economic_benchmark_due,no,blocked_missing_legal_payroll_and_revenue_data,Legal compliance gap and economic benchmark gap cannot be computed; economic benchmark is not a legal debt.
1987,autonomous_entities_first_covered_2007,EUR_million,current_prices,legal_cash_reconciliation,,,,,,,,,,,,DGO_CGE_ARCHIVE,blocked_missing_primary_law_rate_history,not_applicable_until_legal_rate_bounded,legal_employer_rate_total;employer_class_payroll_base;legal_due;recorded_cga_employer_revenue;timing_adjustments;arrears_corrections;base_definition_adjustment;perimeter_adjustment;economic_benchmark_due,no,blocked_missing_legal_payroll_and_revenue_data,Legal compliance gap and economic benchmark gap cannot be computed; economic benchmark is not a legal debt.
1987,entities_first_covered_2009,EUR_million,current_prices,legal_cash_reconciliation,,,,,,,,,,,,DGO_CGE_ARCHIVE,blocked_missing_primary_law_rate_history,not_applicable_until_legal_rate_bounded,legal_employer_rate_total;employer_class_payroll_base;legal_due;recorded_cga_employer_revenue;timing_adjustments;arrears_corrections;base_definition_adjustment;perimeter_adjustment;economic_benchmark_due,no,blocked_missing_legal_payroll_and_revenue_data,Legal compliance gap and economic benchmark gap cannot be computed; economic benchmark is not a legal debt.
1988,central_state_integrated_services,EUR_million,current_prices,legal_cash_reconciliation,,,,,,,,,,,,DGO_CGE_ARCHIVE,blocked_missing_primary_law_rate_history,not_applicable_until_legal_rate_bounded,legal_employer_rate_total;employer_class_payroll_base;legal_due;recorded_cga_employer_revenue;timing_adjustments;arrears_corrections;base_definition_adjustment;perimeter_adjustment;economic_benchmark_due,no,blocked_missing_legal_payroll_and_revenue_data,Legal compliance gap and economic benchmark gap cannot be computed; economic benchmark is not a legal debt.
1988,entities_already_contributing_before_2007,EUR_million,current_prices,legal_cash_reconciliation,,,,,,,,,,,,DGO_CGE_ARCHIVE,blocked_missing_primary_law_rate_history,not_applicable_until_legal_rate_bounded,legal_employer_rate_total;employer_class_payroll_base;legal_due;recorded_cga_employer_revenue;timing_adjustments;arrears_corrections;base_definition_adjustment;perimeter_adjustment;economic_benchmark_due,no,blocked_missing_legal_payroll_and_revenue_data,Legal compliance gap and economic benchmark gap cannot be computed; economic benchmark is not a legal debt.
1988,autonomous_entities_first_covered_2007,EUR_million,current_prices,legal_cash_reconciliation,,,,,,,,,,,,DGO_CGE_ARCHIVE,blocked_missing_primary_law_rate_history,not_applicable_until_legal_rate_bounded,legal_employer_rate_total;employer_class_payroll_base;legal_due;recorded_cga_employer_revenue;timing_adjustments;arrears_corrections;base_definition_adjustment;perimeter_adjustment;economic_benchmark_due,no,blocked_missing_legal_payroll_and_revenue_data,Legal compliance gap and economic benchmark gap cannot be computed; economic benchmark is not a legal debt.
1988,entities_first_covered_2009,EUR_million,current_prices,legal_cash_reconciliation,,,,,,,,,,,,DGO_CGE_ARCHIVE,blocked_missing_primary_law_rate_history,not_applicable_until_legal_rate_bounded,legal_employer_rate_total;employer_class_payroll_base;legal_due;recorded_cga_employer_revenue;timing_adjustments;arrears_corrections;base_definition_adjustment;perimeter_adjustment;economic_benchmark_due,no,blocked_missing_legal_payroll_and_revenue_data,Legal compliance gap and economic benchmark gap cannot be computed; economic benchmark is not a legal debt.
1989,central_state_integrated_services,EUR_million,current_prices,legal_cash_reconciliation,,,,,,,,,,,,DGO_CGE_ARCHIVE,blocked_missing_primary_law_rate_history,not_applicable_until_legal_rate_bounded,legal_employer_rate_total;employer_class_payroll_base;legal_due;recorded_cga_employer_revenue;timing_adjustments;arrears_corrections;base_definition_adjustment;perimeter_adjustment;economic_benchmark_due,no,blocked_missing_legal_payroll_and_revenue_data,Legal compliance gap and economic benchmark gap cannot be computed; economic benchmark is not a legal debt.
1989,entities_already_contributing_before_2007,EUR_million,current_prices,legal_cash_reconciliation,,,,,,,,,,,,DGO_CGE_ARCHIVE,blocked_missing_primary_law_rate_history,not_applicable_until_legal_rate_bounded,legal_employer_rate_total;employer_class_payroll_base;legal_due;recorded_cga_employer_revenue;timing_adjustments;arrears_corrections;base_definition_adjustment;perimeter_adjustment;economic_benchmark_due,no,blocked_missing_legal_payroll_and_revenue_data,Legal compliance gap and economic benchmark gap cannot be computed; economic benchmark is not a legal debt.
1989,autonomous_entities_first_covered_2007,EUR_million,current_prices,legal_cash_reconciliation,,,,,,,,,,,,DGO_CGE_ARCHIVE,blocked_missing_primary_law_rate_history,not_applicable_until_legal_rate_bounded,legal_employer_rate_total;employer_class_payroll_base;legal_due;recorded_cga_employer_revenue;timing_adjustments;arrears_corrections;base_definition_adjustment;perimeter_adjustment;economic_benchmark_due,no,blocked_missing_legal_payroll_and_revenue_data,Legal compliance gap and economic benchmark gap cannot be computed; economic benchmark is not a legal debt.
1989,entities_first_covered_2009,EUR_million,current_prices,legal_cash_reconciliation,,,,,,,,,,,,DGO_CGE_ARCHIVE,blocked_missing_primary_law_rate_history,not_applicable_until_legal_rate_bounded,legal_employer_rate_total;employer_class_payroll_base;legal_due;recorded_cga_employer_revenue;timing_adjustments;arrears_corrections;base_definition_adjustment;perimeter_adjustment;economic_benchmark_due,no,blocked_missing_legal_payroll_and_revenue_data,Legal compliance gap and economic benchmark gap cannot be computed; economic benchmark is not a legal debt.
1990,central_state_integrated_services,EUR_million,current_prices,legal_cash_reconciliation,,,,,,,,,,,,DGO_CGE_ARCHIVE,blocked_missing_primary_law_rate_history,not_applicable_until_legal_rate_bounded,legal_employer_rate_total;employer_class_payroll_base;legal_due;recorded_cga_employer_revenue;timing_adjustments;arrears_corrections;base_definition_adjustment;perimeter_adjustment;economic_benchmark_due,no,blocked_missing_legal_payroll_and_revenue_data,Legal compliance gap and economic benchmark gap cannot be computed; economic benchmark is not a legal debt.
1990,entities_already_contributing_before_2007,EUR_million,current_prices,legal_cash_reconciliation,,,,,,,,,,,,DGO_CGE_ARCHIVE,blocked_missing_primary_law_rate_history,not_applicable_until_legal_rate_bounded,legal_employer_rate_total;employer_class_payroll_base;legal_due;recorded_cga_employer_revenue;timing_adjustments;arrears_corrections;base_definition_adjustment;perimeter_adjustment;economic_benchmark_due,no,blocked_missing_legal_payroll_and_revenue_data,Legal compliance gap and economic benchmark gap cannot be computed; economic benchmark is not a legal debt.
1990,autonomous_entities_first_covered_2007,EUR_million,current_prices,legal_cash_reconciliation,,,,,,,,,,,,DGO_CGE_ARCHIVE,blocked_missing_primary_law_rate_history,not_applicable_until_legal_rate_bounded,legal_employer_rate_total;employer_class_payroll_base;legal_due;recorded_cga_employer_revenue;timing_adjustments;arrears_corrections;base_definition_adjustment;perimeter_adjustment;economic_benchmark_due,no,blocked_missing_legal_payroll_and_revenue_data,Legal compliance gap and economic benchmark gap cannot be computed; economic benchmark is not a legal debt.
1990,entities_first_covered_2009,EUR_million,current_prices,legal_cash_reconciliation,,,,,,,,,,,,DGO_CGE_ARCHIVE,blocked_missing_primary_law_rate_history,not_applicable_until_legal_rate_bounded,legal_employer_rate_total;employer_class_payroll_base;legal_due;recorded_cga_employer_revenue;timing_adjustments;arrears_corrections;base_definition_adjustment;perimeter_adjustment;economic_benchmark_due,no,blocked_missing_legal_payroll_and_revenue_data,Legal compliance gap and economic benchmark gap cannot be computed; economic benchmark is not a legal debt.
1991,central_state_integrated_services,EUR_million,current_prices,legal_cash_reconciliation,,,,,,,,,,,,DGO_CGE_ARCHIVE,blocked_missing_primary_law_rate_history,not_applicable_until_legal_rate_bounded,legal_employer_rate_total;employer_class_payroll_base;legal_due;recorded_cga_employer_revenue;timing_adjustments;arrears_corrections;base_definition_adjustment;perimeter_adjustment;economic_benchmark_due,no,blocked_missing_legal_payroll_and_revenue_data,Legal compliance gap and economic benchmark gap cannot be computed; economic benchmark is not a legal debt.
1991,entities_already_contributing_before_2007,EUR_million,current_prices,legal_cash_reconciliation,,,,,,,,,,,,DGO_CGE_ARCHIVE,blocked_missing_primary_law_rate_history,not_applicable_until_legal_rate_bounded,legal_employer_rate_total;employer_class_payroll_base;legal_due;recorded_cga_employer_revenue;timing_adjustments;arrears_corrections;base_definition_adjustment;perimeter_adjustment;economic_benchmark_due,no,blocked_missing_legal_payroll_and_revenue_data,Legal compliance gap and economic benchmark gap cannot be computed; economic benchmark is not a legal debt.
1991,autonomous_entities_first_covered_2007,EUR_million,current_prices,legal_cash_reconciliation,,,,,,,,,,,,DGO_CGE_ARCHIVE,blocked_missing_primary_law_rate_history,not_applicable_until_legal_rate_bounded,legal_employer_rate_total;employer_class_payroll_base;legal_due;recorded_cga_employer_revenue;timing_adjustments;arrears_corrections;base_definition_adjustment;perimeter_adjustment;economic_benchmark_due,no,blocked_missing_legal_payroll_and_revenue_data,Legal compliance gap and economic benchmark gap cannot be computed; economic benchmark is not a legal debt.
1991,entities_first_covered_2009,EUR_million,current_prices,legal_cash_reconciliation,,,,,,,,,,,,DGO_CGE_ARCHIVE,blocked_missing_primary_law_rate_history,not_applicable_until_legal_rate_bounded,legal_employer_rate_total;employer_class_payroll_base;legal_due;recorded_cga_employer_revenue;timing_adjustments;arrears_corrections;base_definition_adjustment;perimeter_adjustment;economic_benchmark_due,no,blocked_missing_legal_payroll_and_revenue_data,Legal compliance gap and economic benchmark gap cannot be computed; economic benchmark is not a legal debt.
1992,central_state_integrated_services,EUR_million,current_prices,legal_cash_reconciliation,,,,,,,,,,,,DGO_CGE_ARCHIVE,blocked_missing_primary_law_rate_history,not_applicable_until_legal_rate_bounded,legal_employer_rate_total;employer_class_payroll_base;legal_due;recorded_cga_employer_revenue;timing_adjustments;arrears_corrections;base_definition_adjustment;perimeter_adjustment;economic_benchmark_due,no,blocked_missing_legal_payroll_and_revenue_data,Legal compliance gap and economic benchmark gap cannot be computed; economic benchmark is not a legal debt.
1992,entities_already_contributing_before_2007,EUR_million,current_prices,legal_cash_reconciliation,,,,,,,,,,,,DGO_CGE_ARCHIVE,blocked_missing_primary_law_rate_history,not_applicable_until_legal_rate_bounded,legal_employer_rate_total;employer_class_payroll_base;legal_due;recorded_cga_employer_revenue;timing_adjustments;arrears_corrections;base_definition_adjustment;perimeter_adjustment;economic_benchmark_due,no,blocked_missing_legal_payroll_and_revenue_data,Legal compliance gap and economic benchmark gap cannot be computed; economic benchmark is not a legal debt.
1992,autonomous_entities_first_covered_2007,EUR_million,current_prices,legal_cash_reconciliation,,,,,,,,,,,,DGO_CGE_ARCHIVE,blocked_missing_primary_law_rate_history,not_applicable_until_legal_rate_bounded,legal_employer_rate_total;employer_class_payroll_base;legal_due;recorded_cga_employer_revenue;timing_adjustments;arrears_corrections;base_definition_adjustment;perimeter_adjustment;economic_benchmark_due,no,blocked_missing_legal_payroll_and_revenue_data,Legal compliance gap and economic benchmark gap cannot be computed; economic benchmark is not a legal debt.
1992,entities_first_covered_2009,EUR_million,current_prices,legal_cash_reconciliation,,,,,,,,,,,,DGO_CGE_ARCHIVE,blocked_missing_primary_law_rate_history,not_applicable_until_legal_rate_bounded,legal_employer_rate_total;employer_class_payroll_base;legal_due;recorded_cga_employer_revenue;timing_adjustments;arrears_corrections;base_definition_adjustment;perimeter_adjustment;economic_benchmark_due,no,blocked_missing_legal_payroll_and_revenue_data,Legal compliance gap and economic benchmark gap cannot be computed; economic benchmark is not a legal debt.
1993,central_state_integrated_services,EUR_million,current_prices,legal_cash_reconciliation,,,,,,,,,,,,DGO_CGE_ARCHIVE,blocked_missing_primary_law_rate_history,not_applicable_until_legal_rate_bounded,legal_employer_rate_total;employer_class_payroll_base;legal_due;recorded_cga_employer_revenue;timing_adjustments;arrears_corrections;base_definition_adjustment;perimeter_adjustment;economic_benchmark_due,no,blocked_missing_legal_payroll_and_revenue_data,Legal compliance gap and economic benchmark gap cannot be computed; economic benchmark is not a legal debt.
1993,entities_already_contributing_before_2007,EUR_million,current_prices,legal_cash_reconciliation,,,,,,,,,,,,DGO_CGE_ARCHIVE,blocked_missing_primary_law_rate_history,not_applicable_until_legal_rate_bounded,legal_employer_rate_total;employer_class_payroll_base;legal_due;recorded_cga_employer_revenue;timing_adjustments;arrears_corrections;base_definition_adjustment;perimeter_adjustment;economic_benchmark_due,no,blocked_missing_legal_payroll_and_revenue_data,Legal compliance gap and economic benchmark gap cannot be computed; economic benchmark is not a legal debt.
1993,autonomous_entities_first_covered_2007,EUR_million,current_prices,legal_cash_reconciliation,,,,,,,,,,,,DGO_CGE_ARCHIVE,blocked_missing_primary_law_rate_history,not_applicable_until_legal_rate_bounded,legal_employer_rate_total;employer_class_payroll_base;legal_due;recorded_cga_employer_revenue;timing_adjustments;arrears_corrections;base_definition_adjustment;perimeter_adjustment;economic_benchmark_due,no,blocked_missing_legal_payroll_and_revenue_data,Legal compliance gap and economic benchmark gap cannot be computed; economic benchmark is not a legal debt.
1993,entities_first_covered_2009,EUR_million,current_prices,legal_cash_reconciliation,,,,,,,,,,,,DGO_CGE_ARCHIVE,blocked_missing_primary_law_rate_history,not_applicable_until_legal_rate_bounded,legal_employer_rate_total;employer_class_payroll_base;legal_due;recorded_cga_employer_revenue;timing_adjustments;arrears_corrections;base_definition_adjustment;perimeter_adjustment;economic_benchmark_due,no,blocked_missing_legal_payroll_and_revenue_data,Legal compliance gap and economic benchmark gap cannot be computed; economic benchmark is not a legal debt.
1994,central_state_integrated_services,EUR_million,current_prices,legal_cash_reconciliation,,,,,,,,,,,,DGO_CGE_ARCHIVE,blocked_missing_primary_law_rate_history,not_applicable_until_legal_rate_bounded,legal_employer_rate_total;employer_class_payroll_base;legal_due;recorded_cga_employer_revenue;timing_adjustments;arrears_corrections;base_definition_adjustment;perimeter_adjustment;economic_benchmark_due,no,blocked_missing_legal_payroll_and_revenue_data,Legal compliance gap and economic benchmark gap cannot be computed; economic benchmark is not a legal debt.
1994,entities_already_contributing_before_2007,EUR_million,current_prices,legal_cash_reconciliation,,,,,,,,,,,,DGO_CGE_ARCHIVE,blocked_missing_primary_law_rate_history,not_applicable_until_legal_rate_bounded,legal_employer_rate_total;employer_class_payroll_base;legal_due;recorded_cga_employer_revenue;timing_adjustments;arrears_corrections;base_definition_adjustment;perimeter_adjustment;economic_benchmark_due,no,blocked_missing_legal_payroll_and_revenue_data,Legal compliance gap and economic benchmark gap cannot be computed; economic benchmark is not a legal debt.
1994,autonomous_entities_first_covered_2007,EUR_million,current_prices,legal_cash_reconciliation,,,,,,,,,,,,DGO_CGE_ARCHIVE,blocked_missing_primary_law_rate_history,not_applicable_until_legal_rate_bounded,legal_employer_rate_total;employer_class_payroll_base;legal_due;recorded_cga_employer_revenue;timing_adjustments;arrears_corrections;base_definition_adjustment;perimeter_adjustment;economic_benchmark_due,no,blocked_missing_legal_payroll_and_revenue_data,Legal compliance gap and economic benchmark gap cannot be computed; economic benchmark is not a legal debt.
1994,entities_first_covered_2009,EUR_million,current_prices,legal_cash_reconciliation,,,,,,,,,,,,DGO_CGE_ARCHIVE,blocked_missing_primary_law_rate_history,not_applicable_until_legal_rate_bounded,legal_employer_rate_total;employer_class_payroll_base;legal_due;recorded_cga_employer_revenue;timing_adjustments;arrears_corrections;base_definition_adjustment;perimeter_adjustment;economic_benchmark_due,no,blocked_missing_legal_payroll_and_revenue_data,Legal compliance gap and economic benchmark gap cannot be computed; economic benchmark is not a legal debt.
1995,central_state_integrated_services,EUR_million,current_prices,legal_cash_reconciliation,,,,,,,,,,,,DGO_CGE_ARCHIVE,blocked_missing_primary_law_rate_history,not_applicable_until_legal_rate_bounded,legal_employer_rate_total;employer_class_payroll_base;legal_due;recorded_cga_employer_revenue;timing_adjustments;arrears_corrections;base_definition_adjustment;perimeter_adjustment;economic_benchmark_due,no,blocked_missing_legal_payroll_and_revenue_data,Legal compliance gap and economic benchmark gap cannot be computed; economic benchmark is not a legal debt.
1995,entities_already_contributing_before_2007,EUR_million,current_prices,legal_cash_reconciliation,,,,,,,,,,,,DGO_CGE_ARCHIVE,blocked_missing_primary_law_rate_history,not_applicable_until_legal_rate_bounded,legal_employer_rate_total;employer_class_payroll_base;legal_due;recorded_cga_employer_revenue;timing_adjustments;arrears_corrections;base_definition_adjustment;perimeter_adjustment;economic_benchmark_due,no,blocked_missing_legal_payroll_and_revenue_data,Legal compliance gap and economic benchmark gap cannot be computed; economic benchmark is not a legal debt.
1995,autonomous_entities_first_covered_2007,EUR_million,current_prices,legal_cash_reconciliation,,,,,,,,,,,,DGO_CGE_ARCHIVE,blocked_missing_primary_law_rate_history,not_applicable_until_legal_rate_bounded,legal_employer_rate_total;employer_class_payroll_base;legal_due;recorded_cga_employer_revenue;timing_adjustments;arrears_corrections;base_definition_adjustment;perimeter_adjustment;economic_benchmark_due,no,blocked_missing_legal_payroll_and_revenue_data,Legal compliance gap and economic benchmark gap cannot be computed; economic benchmark is not a legal debt.
1995,entities_first_covered_2009,EUR_million,current_prices,legal_cash_reconciliation,,,,,,,,,,,,DGO_CGE_ARCHIVE,blocked_missing_primary_law_rate_history,not_applicable_until_legal_rate_bounded,legal_employer_rate_total;employer_class_payroll_base;legal_due;recorded_cga_employer_revenue;timing_adjustments;arrears_corrections;base_definition_adjustment;perimeter_adjustment;economic_benchmark_due,no,blocked_missing_legal_payroll_and_revenue_data,Legal compliance gap and economic benchmark gap cannot be computed; economic benchmark is not a legal debt.
1996,central_state_integrated_services,EUR_million,current_prices,legal_cash_reconciliation,,,,,,,,,,,,DGO_CGE_ARCHIVE,blocked_missing_primary_law_rate_history,not_applicable_until_legal_rate_bounded,legal_employer_rate_total;employer_class_payroll_base;legal_due;recorded_cga_employer_revenue;timing_adjustments;arrears_corrections;base_definition_adjustment;perimeter_adjustment;economic_benchmark_due,no,blocked_missing_legal_payroll_and_revenue_data,Legal compliance gap and economic benchmark gap cannot be computed; economic benchmark is not a legal debt.
1996,entities_already_contributing_before_2007,EUR_million,current_prices,legal_cash_reconciliation,,,,,,,,,,,,DGO_CGE_ARCHIVE,blocked_missing_primary_law_rate_history,not_applicable_until_legal_rate_bounded,legal_employer_rate_total;employer_class_payroll_base;legal_due;recorded_cga_employer_revenue;timing_adjustments;arrears_corrections;base_definition_adjustment;perimeter_adjustment;economic_benchmark_due,no,blocked_missing_legal_payroll_and_revenue_data,Legal compliance gap and economic benchmark gap cannot be computed; economic benchmark is not a legal debt.
1996,autonomous_entities_first_covered_2007,EUR_million,current_prices,legal_cash_reconciliation,,,,,,,,,,,,DGO_CGE_ARCHIVE,blocked_missing_primary_law_rate_history,not_applicable_until_legal_rate_bounded,legal_employer_rate_total;employer_class_payroll_base;legal_due;recorded_cga_employer_revenue;timing_adjustments;arrears_corrections;base_definition_adjustment;perimeter_adjustment;economic_benchmark_due,no,blocked_missing_legal_payroll_and_revenue_data,Legal compliance gap and economic benchmark gap cannot be computed; economic benchmark is not a legal debt.
1996,entities_first_covered_2009,EUR_million,current_prices,legal_cash_reconciliation,,,,,,,,,,,,DGO_CGE_ARCHIVE,blocked_missing_primary_law_rate_history,not_applicable_until_legal_rate_bounded,legal_employer_rate_total;employer_class_payroll_base;legal_due;recorded_cga_employer_revenue;timing_adjustments;arrears_corrections;base_definition_adjustment;perimeter_adjustment;economic_benchmark_due,no,blocked_missing_legal_payroll_and_revenue_data,Legal compliance gap and economic benchmark gap cannot be computed; economic benchmark is not a legal debt.
1997,central_state_integrated_services,EUR_million,current_prices,legal_cash_reconciliation,,,,,,,,,,,,DGO_CGE_ARCHIVE,blocked_missing_primary_law_rate_history,not_applicable_until_legal_rate_bounded,legal_employer_rate_total;employer_class_payroll_base;legal_due;recorded_cga_employer_revenue;timing_adjustments;arrears_corrections;base_definition_adjustment;perimeter_adjustment;economic_benchmark_due,no,blocked_missing_legal_payroll_and_revenue_data,Legal compliance gap and economic benchmark gap cannot be computed; economic benchmark is not a legal debt.
1997,entities_already_contributing_before_2007,EUR_million,current_prices,legal_cash_reconciliation,,,,,,,,,,,,DGO_CGE_ARCHIVE,blocked_missing_primary_law_rate_history,not_applicable_until_legal_rate_bounded,legal_employer_rate_total;employer_class_payroll_base;legal_due;recorded_cga_employer_revenue;timing_adjustments;arrears_corrections;base_definition_adjustment;perimeter_adjustment;economic_benchmark_due,no,blocked_missing_legal_payroll_and_revenue_data,Legal compliance gap and economic benchmark gap cannot be computed; economic benchmark is not a legal debt.
1997,autonomous_entities_first_covered_2007,EUR_million,current_prices,legal_cash_reconciliation,,,,,,,,,,,,DGO_CGE_ARCHIVE,blocked_missing_primary_law_rate_history,not_applicable_until_legal_rate_bounded,legal_employer_rate_total;employer_class_payroll_base;legal_due;recorded_cga_employer_revenue;timing_adjustments;arrears_corrections;base_definition_adjustment;perimeter_adjustment;economic_benchmark_due,no,blocked_missing_legal_payroll_and_revenue_data,Legal compliance gap and economic benchmark gap cannot be computed; economic benchmark is not a legal debt.
1997,entities_first_covered_2009,EUR_million,current_prices,legal_cash_reconciliation,,,,,,,,,,,,DGO_CGE_ARCHIVE,blocked_missing_primary_law_rate_history,not_applicable_until_legal_rate_bounded,legal_employer_rate_total;employer_class_payroll_base;legal_due;recorded_cga_employer_revenue;timing_adjustments;arrears_corrections;base_definition_adjustment;perimeter_adjustment;economic_benchmark_due,no,blocked_missing_legal_payroll_and_revenue_data,Legal compliance gap and economic benchmark gap cannot be computed; economic benchmark is not a legal debt.
1998,central_state_integrated_services,EUR_million,current_prices,legal_cash_reconciliation,,,,,,,,,,,,DGO_CGE_ARCHIVE,blocked_missing_primary_law_rate_history,not_applicable_until_legal_rate_bounded,legal_employer_rate_total;employer_class_payroll_base;legal_due;recorded_cga_employer_revenue;timing_adjustments;arrears_corrections;base_definition_adjustment;perimeter_adjustment;economic_benchmark_due,no,blocked_missing_legal_payroll_and_revenue_data,Legal compliance gap and economic benchmark gap cannot be computed; economic benchmark is not a legal debt.
1998,entities_already_contributing_before_2007,EUR_million,current_prices,legal_cash_reconciliation,,,,,,,,,,,,DGO_CGE_ARCHIVE,blocked_missing_primary_law_rate_history,not_applicable_until_legal_rate_bounded,legal_employer_rate_total;employer_class_payroll_base;legal_due;recorded_cga_employer_revenue;timing_adjustments;arrears_corrections;base_definition_adjustment;perimeter_adjustment;economic_benchmark_due,no,blocked_missing_legal_payroll_and_revenue_data,Legal compliance gap and economic benchmark gap cannot be computed; economic benchmark is not a legal debt.
1998,autonomous_entities_first_covered_2007,EUR_million,current_prices,legal_cash_reconciliation,,,,,,,,,,,,DGO_CGE_ARCHIVE,blocked_missing_primary_law_rate_history,not_applicable_until_legal_rate_bounded,legal_employer_rate_total;employer_class_payroll_base;legal_due;recorded_cga_employer_revenue;timing_adjustments;arrears_corrections;base_definition_adjustment;perimeter_adjustment;economic_benchmark_due,no,blocked_missing_legal_payroll_and_revenue_data,Legal compliance gap and economic benchmark gap cannot be computed; economic benchmark is not a legal debt.
1998,entities_first_covered_2009,EUR_million,current_prices,legal_cash_reconciliation,,,,,,,,,,,,DGO_CGE_ARCHIVE,blocked_missing_primary_law_rate_history,not_applicable_until_legal_rate_bounded,legal_employer_rate_total;employer_class_payroll_base;legal_due;recorded_cga_employer_revenue;timing_adjustments;arrears_corrections;base_definition_adjustment;perimeter_adjustment;economic_benchmark_due,no,blocked_missing_legal_payroll_and_revenue_data,Legal compliance gap and economic benchmark gap cannot be computed; economic benchmark is not a legal debt.
1999,central_state_integrated_services,EUR_million,current_prices,legal_cash_reconciliation,,,,,,,,,,,,DGO_CGE_ARCHIVE,blocked_missing_primary_law_rate_history,not_applicable_until_legal_rate_bounded,legal_employer_rate_total;employer_class_payroll_base;legal_due;recorded_cga_employer_revenue;timing_adjustments;arrears_corrections;base_definition_adjustment;perimeter_adjustment;economic_benchmark_due,no,blocked_missing_legal_payroll_and_revenue_data,Legal compliance gap and economic benchmark gap cannot be computed; economic benchmark is not a legal debt.
1999,entities_already_contributing_before_2007,EUR_million,current_prices,legal_cash_reconciliation,,,,,,,,,,,,DGO_CGE_ARCHIVE,blocked_missing_primary_law_rate_history,not_applicable_until_legal_rate_bounded,legal_employer_rate_total;employer_class_payroll_base;legal_due;recorded_cga_employer_revenue;timing_adjustments;arrears_corrections;base_definition_adjustment;perimeter_adjustment;economic_benchmark_due,no,blocked_missing_legal_payroll_and_revenue_data,Legal compliance gap and economic benchmark gap cannot be computed; economic benchmark is not a legal debt.
1999,autonomous_entities_first_covered_2007,EUR_million,current_prices,legal_cash_reconciliation,,,,,,,,,,,,DGO_CGE_ARCHIVE,blocked_missing_primary_law_rate_history,not_applicable_until_legal_rate_bounded,legal_employer_rate_total;employer_class_payroll_base;legal_due;recorded_cga_employer_revenue;timing_adjustments;arrears_corrections;base_definition_adjustment;perimeter_adjustment;economic_benchmark_due,no,blocked_missing_legal_payroll_and_revenue_data,Legal compliance gap and economic benchmark gap cannot be computed; economic benchmark is not a legal debt.
1999,entities_first_covered_2009,EUR_million,current_prices,legal_cash_reconciliation,,,,,,,,,,,,DGO_CGE_ARCHIVE,blocked_missing_primary_law_rate_history,not_applicable_until_legal_rate_bounded,legal_employer_rate_total;employer_class_payroll_base;legal_due;recorded_cga_employer_revenue;timing_adjustments;arrears_corrections;base_definition_adjustment;perimeter_adjustment;economic_benchmark_due,no,blocked_missing_legal_payroll_and_revenue_data,Legal compliance gap and economic benchmark gap cannot be computed; economic benchmark is not a legal debt.
2000,central_state_integrated_services,EUR_million,current_prices,legal_cash_reconciliation,,,,,,,,,,,,DGO_CGE_ARCHIVE,blocked_missing_primary_law_rate_history,not_applicable_until_legal_rate_bounded,legal_employer_rate_total;employer_class_payroll_base;legal_due;recorded_cga_employer_revenue;timing_adjustments;arrears_corrections;base_definition_adjustment;perimeter_adjustment;economic_benchmark_due,no,blocked_missing_legal_payroll_and_revenue_data,Legal compliance gap and economic benchmark gap cannot be computed; economic benchmark is not a legal debt.
2000,entities_already_contributing_before_2007,EUR_million,current_prices,legal_cash_reconciliation,,,,,,,,,,,,DGO_CGE_ARCHIVE,blocked_missing_primary_law_rate_history,not_applicable_until_legal_rate_bounded,legal_employer_rate_total;employer_class_payroll_base;legal_due;recorded_cga_employer_revenue;timing_adjustments;arrears_corrections;base_definition_adjustment;perimeter_adjustment;economic_benchmark_due,no,blocked_missing_legal_payroll_and_revenue_data,Legal compliance gap and economic benchmark gap cannot be computed; economic benchmark is not a legal debt.
2000,autonomous_entities_first_covered_2007,EUR_million,current_prices,legal_cash_reconciliation,,,,,,,,,,,,DGO_CGE_ARCHIVE,blocked_missing_primary_law_rate_history,not_applicable_until_legal_rate_bounded,legal_employer_rate_total;employer_class_payroll_base;legal_due;recorded_cga_employer_revenue;timing_adjustments;arrears_corrections;base_definition_adjustment;perimeter_adjustment;economic_benchmark_due,no,blocked_missing_legal_payroll_and_revenue_data,Legal compliance gap and economic benchmark gap cannot be computed; economic benchmark is not a legal debt.
2000,entities_first_covered_2009,EUR_million,current_prices,legal_cash_reconciliation,,,,,,,,,,,,DGO_CGE_ARCHIVE,blocked_missing_primary_law_rate_history,not_applicable_until_legal_rate_bounded,legal_employer_rate_total;employer_class_payroll_base;legal_due;recorded_cga_employer_revenue;timing_adjustments;arrears_corrections;base_definition_adjustment;perimeter_adjustment;economic_benchmark_due,no,blocked_missing_legal_payroll_and_revenue_data,Legal compliance gap and economic benchmark gap cannot be computed; economic benchmark is not a legal debt.
2001,central_state_integrated_services,EUR_million,current_prices,legal_cash_reconciliation,,,,,,,,,,,,DGO_CGE_ARCHIVE,blocked_missing_primary_law_rate_history,not_applicable_until_legal_rate_bounded,legal_employer_rate_total;employer_class_payroll_base;legal_due;recorded_cga_employer_revenue;timing_adjustments;arrears_corrections;base_definition_adjustment;perimeter_adjustment;economic_benchmark_due,no,blocked_missing_legal_payroll_and_revenue_data,Legal compliance gap and economic benchmark gap cannot be computed; economic benchmark is not a legal debt.
2001,entities_already_contributing_before_2007,EUR_million,current_prices,legal_cash_reconciliation,,,,,,,,,,,,DGO_CGE_ARCHIVE,blocked_missing_primary_law_rate_history,not_applicable_until_legal_rate_bounded,legal_employer_rate_total;employer_class_payroll_base;legal_due;recorded_cga_employer_revenue;timing_adjustments;arrears_corrections;base_definition_adjustment;perimeter_adjustment;economic_benchmark_due,no,blocked_missing_legal_payroll_and_revenue_data,Legal compliance gap and economic benchmark gap cannot be computed; economic benchmark is not a legal debt.
2001,autonomous_entities_first_covered_2007,EUR_million,current_prices,legal_cash_reconciliation,,,,,,,,,,,,DGO_CGE_ARCHIVE,blocked_missing_primary_law_rate_history,not_applicable_until_legal_rate_bounded,legal_employer_rate_total;employer_class_payroll_base;legal_due;recorded_cga_employer_revenue;timing_adjustments;arrears_corrections;base_definition_adjustment;perimeter_adjustment;economic_benchmark_due,no,blocked_missing_legal_payroll_and_revenue_data,Legal compliance gap and economic benchmark gap cannot be computed; economic benchmark is not a legal debt.
2001,entities_first_covered_2009,EUR_million,current_prices,legal_cash_reconciliation,,,,,,,,,,,,DGO_CGE_ARCHIVE,blocked_missing_primary_law_rate_history,not_applicable_until_legal_rate_bounded,legal_employer_rate_total;employer_class_payroll_base;legal_due;recorded_cga_employer_revenue;timing_adjustments;arrears_corrections;base_definition_adjustment;perimeter_adjustment;economic_benchmark_due,no,blocked_missing_legal_payroll_and_revenue_data,Legal compliance gap and economic benchmark gap cannot be computed; economic benchmark is not a legal debt.
2002,central_state_integrated_services,EUR_million,current_prices,legal_cash_reconciliation,,,,,,,,,,,,DGO_CGE_ARCHIVE,blocked_missing_primary_law_rate_history,not_applicable_until_legal_rate_bounded,legal_employer_rate_total;employer_class_payroll_base;legal_due;recorded_cga_employer_revenue;timing_adjustments;arrears_corrections;base_definition_adjustment;perimeter_adjustment;economic_benchmark_due,no,blocked_missing_legal_payroll_and_revenue_data,Legal compliance gap and economic benchmark gap cannot be computed; economic benchmark is not a legal debt.
2002,entities_already_contributing_before_2007,EUR_million,current_prices,legal_cash_reconciliation,,,,,,,,,,,,DGO_CGE_ARCHIVE,blocked_missing_primary_law_rate_history,not_applicable_until_legal_rate_bounded,legal_employer_rate_total;employer_class_payroll_base;legal_due;recorded_cga_employer_revenue;timing_adjustments;arrears_corrections;base_definition_adjustment;perimeter_adjustment;economic_benchmark_due,no,blocked_missing_legal_payroll_and_revenue_data,Legal compliance gap and economic benchmark gap cannot be computed; economic benchmark is not a legal debt.
2002,autonomous_entities_first_covered_2007,EUR_million,current_prices,legal_cash_reconciliation,,,,,,,,,,,,DGO_CGE_ARCHIVE,blocked_missing_primary_law_rate_history,not_applicable_until_legal_rate_bounded,legal_employer_rate_total;employer_class_payroll_base;legal_due;recorded_cga_employer_revenue;timing_adjustments;arrears_corrections;base_definition_adjustment;perimeter_adjustment;economic_benchmark_due,no,blocked_missing_legal_payroll_and_revenue_data,Legal compliance gap and economic benchmark gap cannot be computed; economic benchmark is not a legal debt.
2002,entities_first_covered_2009,EUR_million,current_prices,legal_cash_reconciliation,,,,,,,,,,,,DGO_CGE_ARCHIVE,blocked_missing_primary_law_rate_history,not_applicable_until_legal_rate_bounded,legal_employer_rate_total;employer_class_payroll_base;legal_due;recorded_cga_employer_revenue;timing_adjustments;arrears_corrections;base_definition_adjustment;perimeter_adjustment;economic_benchmark_due,no,blocked_missing_legal_payroll_and_revenue_data,Legal compliance gap and economic benchmark gap cannot be computed; economic benchmark is not a legal debt.
2003,central_state_integrated_services,EUR_million,current_prices,legal_cash_reconciliation,,,,,,,,,,,,DGO_CGE_ARCHIVE,blocked_missing_primary_law_rate_history,not_applicable_until_legal_rate_bounded,legal_employer_rate_total;employer_class_payroll_base;legal_due;recorded_cga_employer_revenue;timing_adjustments;arrears_corrections;base_definition_adjustment;perimeter_adjustment;economic_benchmark_due,no,blocked_missing_legal_payroll_and_revenue_data,Legal compliance gap and economic benchmark gap cannot be computed; economic benchmark is not a legal debt.
2003,entities_already_contributing_before_2007,EUR_million,current_prices,legal_cash_reconciliation,,,,,,,,,,,,DGO_CGE_ARCHIVE,blocked_missing_primary_law_rate_history,not_applicable_until_legal_rate_bounded,legal_employer_rate_total;employer_class_payroll_base;legal_due;recorded_cga_employer_revenue;timing_adjustments;arrears_corrections;base_definition_adjustment;perimeter_adjustment;economic_benchmark_due,no,blocked_missing_legal_payroll_and_revenue_data,Legal compliance gap and economic benchmark gap cannot be computed; economic benchmark is not a legal debt.
2003,autonomous_entities_first_covered_2007,EUR_million,current_prices,legal_cash_reconciliation,,,,,,,,,,,,DGO_CGE_ARCHIVE,blocked_missing_primary_law_rate_history,not_applicable_until_legal_rate_bounded,legal_employer_rate_total;employer_class_payroll_base;legal_due;recorded_cga_employer_revenue;timing_adjustments;arrears_corrections;base_definition_adjustment;perimeter_adjustment;economic_benchmark_due,no,blocked_missing_legal_payroll_and_revenue_data,Legal compliance gap and economic benchmark gap cannot be computed; economic benchmark is not a legal debt.
2003,entities_first_covered_2009,EUR_million,current_prices,legal_cash_reconciliation,,,,,,,,,,,,DGO_CGE_ARCHIVE,blocked_missing_primary_law_rate_history,not_applicable_until_legal_rate_bounded,legal_employer_rate_total;employer_class_payroll_base;legal_due;recorded_cga_employer_revenue;timing_adjustments;arrears_corrections;base_definition_adjustment;perimeter_adjustment;economic_benchmark_due,no,blocked_missing_legal_payroll_and_revenue_data,Legal compliance gap and economic benchmark gap cannot be computed; economic benchmark is not a legal debt.
2004,central_state_integrated_services,EUR_million,current_prices,legal_cash_reconciliation,,,,,,,,,,,,DGO_CGE_ARCHIVE,blocked_missing_primary_law_rate_history,not_applicable_until_legal_rate_bounded,legal_employer_rate_total;employer_class_payroll_base;legal_due;recorded_cga_employer_revenue;timing_adjustments;arrears_corrections;base_definition_adjustment;perimeter_adjustment;economic_benchmark_due,no,blocked_missing_legal_payroll_and_revenue_data,Legal compliance gap and economic benchmark gap cannot be computed; economic benchmark is not a legal debt.
2004,entities_already_contributing_before_2007,EUR_million,current_prices,legal_cash_reconciliation,,,,,,,,,,,,DGO_CGE_ARCHIVE,blocked_missing_primary_law_rate_history,not_applicable_until_legal_rate_bounded,legal_employer_rate_total;employer_class_payroll_base;legal_due;recorded_cga_employer_revenue;timing_adjustments;arrears_corrections;base_definition_adjustment;perimeter_adjustment;economic_benchmark_due,no,blocked_missing_legal_payroll_and_revenue_data,Legal compliance gap and economic benchmark gap cannot be computed; economic benchmark is not a legal debt.
2004,autonomous_entities_first_covered_2007,EUR_million,current_prices,legal_cash_reconciliation,,,,,,,,,,,,DGO_CGE_ARCHIVE,blocked_missing_primary_law_rate_history,not_applicable_until_legal_rate_bounded,legal_employer_rate_total;employer_class_payroll_base;legal_due;recorded_cga_employer_revenue;timing_adjustments;arrears_corrections;base_definition_adjustment;perimeter_adjustment;economic_benchmark_due,no,blocked_missing_legal_payroll_and_revenue_data,Legal compliance gap and economic benchmark gap cannot be computed; economic benchmark is not a legal debt.
2004,entities_first_covered_2009,EUR_million,current_prices,legal_cash_reconciliation,,,,,,,,,,,,DGO_CGE_ARCHIVE,blocked_missing_primary_law_rate_history,not_applicable_until_legal_rate_bounded,legal_employer_rate_total;employer_class_payroll_base;legal_due;recorded_cga_employer_revenue;timing_adjustments;arrears_corrections;base_definition_adjustment;perimeter_adjustment;economic_benchmark_due,no,blocked_missing_legal_payroll_and_revenue_data,Legal compliance gap and economic benchmark gap cannot be computed; economic benchmark is not a legal debt.
2005,central_state_integrated_services,EUR_million,current_prices,legal_cash_reconciliation,,,,,,,,,,,,DGO_CGE_ARCHIVE,blocked_missing_primary_law_rate_history,not_applicable_until_legal_rate_bounded,legal_employer_rate_total;employer_class_payroll_base;legal_due;recorded_cga_employer_revenue;timing_adjustments;arrears_corrections;base_definition_adjustment;perimeter_adjustment;economic_benchmark_due,no,blocked_missing_legal_payroll_and_revenue_data,Legal compliance gap and economic benchmark gap cannot be computed; economic benchmark is not a legal debt.
2005,entities_already_contributing_before_2007,EUR_million,current_prices,legal_cash_reconciliation,,,,,,,,,,,,DGO_CGE_ARCHIVE,blocked_missing_primary_law_rate_history,not_applicable_until_legal_rate_bounded,legal_employer_rate_total;employer_class_payroll_base;legal_due;recorded_cga_employer_revenue;timing_adjustments;arrears_corrections;base_definition_adjustment;perimeter_adjustment;economic_benchmark_due,no,blocked_missing_legal_payroll_and_revenue_data,Legal compliance gap and economic benchmark gap cannot be computed; economic benchmark is not a legal debt.
2005,autonomous_entities_first_covered_2007,EUR_million,current_prices,legal_cash_reconciliation,,,,,,,,,,,,DGO_CGE_ARCHIVE,blocked_missing_primary_law_rate_history,not_applicable_until_legal_rate_bounded,legal_employer_rate_total;employer_class_payroll_base;legal_due;recorded_cga_employer_revenue;timing_adjustments;arrears_corrections;base_definition_adjustment;perimeter_adjustment;economic_benchmark_due,no,blocked_missing_legal_payroll_and_revenue_data,Legal compliance gap and economic benchmark gap cannot be computed; economic benchmark is not a legal debt.
2005,entities_first_covered_2009,EUR_million,current_prices,legal_cash_reconciliation,,,,,,,,,,,,DGO_CGE_ARCHIVE,blocked_missing_primary_law_rate_history,not_applicable_until_legal_rate_bounded,legal_employer_rate_total;employer_class_payroll_base;legal_due;recorded_cga_employer_revenue;timing_adjustments;arrears_corrections;base_definition_adjustment;perimeter_adjustment;economic_benchmark_due,no,blocked_missing_legal_payroll_and_revenue_data,Legal compliance gap and economic benchmark gap cannot be computed; economic benchmark is not a legal debt.
2006,central_state_integrated_services,EUR_million,current_prices,legal_cash_reconciliation,0.000,,,,,,,,0.2375,,,TC_ACORDAO_255_2020;DR_EA_CONSOLIDATED;DGO_CGE_ARCHIVE;CGA_ANNUAL_REPORTS_ARCHIVE,bounded_legal_registry_employer_total,broad_rgss_employer_rate_counterfactual_not_legal_debt,employer_class_payroll_base;legal_due;recorded_cga_employer_revenue;timing_adjustments;arrears_corrections;base_definition_adjustment;perimeter_adjustment;economic_benchmark_due,no,blocked_missing_payroll_and_revenue_data,Legal employer rate is identified but employer-class payroll bases and CGA employer-revenue splits are not extracted; economic benchmark is not a legal debt.
2006,entities_already_contributing_before_2007,EUR_million,current_prices,legal_cash_reconciliation,0.130,,,,,,,,0.2375,,,TC_ACORDAO_255_2020;DR_EA_CONSOLIDATED;DGO_CGE_ARCHIVE;CGA_ANNUAL_REPORTS_ARCHIVE,bounded_legal_registry_employer_total,broad_rgss_employer_rate_counterfactual_not_legal_debt,employer_class_payroll_base;legal_due;recorded_cga_employer_revenue;timing_adjustments;arrears_corrections;base_definition_adjustment;perimeter_adjustment;economic_benchmark_due,no,blocked_missing_payroll_and_revenue_data,Legal employer rate is identified but employer-class payroll bases and CGA employer-revenue splits are not extracted; economic benchmark is not a legal debt.
2006,autonomous_entities_first_covered_2007,EUR_million,current_prices,legal_cash_reconciliation,,,,,,,,,,,,TC_ACORDAO_255_2020;DR_EA_CONSOLIDATED;DGO_CGE_ARCHIVE;CGA_ANNUAL_REPORTS_ARCHIVE,blocked_missing_primary_law_rate_history,not_applicable_until_legal_rate_bounded,legal_employer_rate_total;employer_class_payroll_base;legal_due;recorded_cga_employer_revenue;timing_adjustments;arrears_corrections;base_definition_adjustment;perimeter_adjustment;economic_benchmark_due,no,blocked_missing_legal_payroll_and_revenue_data,Legal compliance gap and economic benchmark gap cannot be computed; economic benchmark is not a legal debt.
2006,entities_first_covered_2009,EUR_million,current_prices,legal_cash_reconciliation,,,,,,,,,,,,TC_ACORDAO_255_2020;DR_EA_CONSOLIDATED;DGO_CGE_ARCHIVE;CGA_ANNUAL_REPORTS_ARCHIVE,blocked_missing_primary_law_rate_history,not_applicable_until_legal_rate_bounded,legal_employer_rate_total;employer_class_payroll_base;legal_due;recorded_cga_employer_revenue;timing_adjustments;arrears_corrections;base_definition_adjustment;perimeter_adjustment;economic_benchmark_due,no,blocked_missing_legal_payroll_and_revenue_data,Legal compliance gap and economic benchmark gap cannot be computed; economic benchmark is not a legal debt.
2007,central_state_integrated_services,EUR_million,current_prices,legal_cash_reconciliation,0.000,,,,,,,,0.2375,,,TC_ACORDAO_255_2020;DR_EA_CONSOLIDATED;DGO_CGE_ARCHIVE;CGA_ANNUAL_REPORTS_ARCHIVE,bounded_legal_registry_employer_total,broad_rgss_employer_rate_counterfactual_not_legal_debt,employer_class_payroll_base;legal_due;recorded_cga_employer_revenue;timing_adjustments;arrears_corrections;base_definition_adjustment;perimeter_adjustment;economic_benchmark_due,no,blocked_missing_payroll_and_revenue_data,Legal employer rate is identified but employer-class payroll bases and CGA employer-revenue splits are not extracted; economic benchmark is not a legal debt.
2007,entities_already_contributing_before_2007,EUR_million,current_prices,legal_cash_reconciliation,0.150,,,,,,,,0.2375,,,TC_ACORDAO_255_2020;DR_EA_CONSOLIDATED;DGO_CGE_ARCHIVE;CGA_ANNUAL_REPORTS_ARCHIVE,bounded_legal_registry_employer_total,broad_rgss_employer_rate_counterfactual_not_legal_debt,employer_class_payroll_base;legal_due;recorded_cga_employer_revenue;timing_adjustments;arrears_corrections;base_definition_adjustment;perimeter_adjustment;economic_benchmark_due,no,blocked_missing_payroll_and_revenue_data,Legal employer rate is identified but employer-class payroll bases and CGA employer-revenue splits are not extracted; economic benchmark is not a legal debt.
2007,autonomous_entities_first_covered_2007,EUR_million,current_prices,legal_cash_reconciliation,0.075,,,,,,,,0.2375,,,TC_ACORDAO_255_2020;DR_EA_CONSOLIDATED;DGO_CGE_ARCHIVE;CGA_ANNUAL_REPORTS_ARCHIVE,bounded_legal_registry_employer_total,broad_rgss_employer_rate_counterfactual_not_legal_debt,employer_class_payroll_base;legal_due;recorded_cga_employer_revenue;timing_adjustments;arrears_corrections;base_definition_adjustment;perimeter_adjustment;economic_benchmark_due,no,blocked_missing_payroll_and_revenue_data,Legal employer rate is identified but employer-class payroll bases and CGA employer-revenue splits are not extracted; economic benchmark is not a legal debt.
2007,entities_first_covered_2009,EUR_million,current_prices,legal_cash_reconciliation,,,,,,,,,,,,TC_ACORDAO_255_2020;DR_EA_CONSOLIDATED;DGO_CGE_ARCHIVE;CGA_ANNUAL_REPORTS_ARCHIVE,blocked_missing_primary_law_rate_history,not_applicable_until_legal_rate_bounded,legal_employer_rate_total;employer_class_payroll_base;legal_due;recorded_cga_employer_revenue;timing_adjustments;arrears_corrections;base_definition_adjustment;perimeter_adjustment;economic_benchmark_due,no,blocked_missing_legal_payroll_and_revenue_data,Legal compliance gap and economic benchmark gap cannot be computed; economic benchmark is not a legal debt.
2008,central_state_integrated_services,EUR_million,current_prices,legal_cash_reconciliation,0.000,,,,,,,,0.2375,,,TC_ACORDAO_255_2020;DR_EA_CONSOLIDATED;DGO_CGE_ARCHIVE;CGA_ANNUAL_REPORTS_ARCHIVE,bounded_legal_registry_employer_total,broad_rgss_employer_rate_counterfactual_not_legal_debt,employer_class_payroll_base;legal_due;recorded_cga_employer_revenue;timing_adjustments;arrears_corrections;base_definition_adjustment;perimeter_adjustment;economic_benchmark_due,no,blocked_missing_payroll_and_revenue_data,Legal employer rate is identified but employer-class payroll bases and CGA employer-revenue splits are not extracted; economic benchmark is not a legal debt.
2008,entities_already_contributing_before_2007,EUR_million,current_prices,legal_cash_reconciliation,0.150,,,,,,,,0.2375,,,TC_ACORDAO_255_2020;DR_EA_CONSOLIDATED;DGO_CGE_ARCHIVE;CGA_ANNUAL_REPORTS_ARCHIVE,bounded_legal_registry_employer_total,broad_rgss_employer_rate_counterfactual_not_legal_debt,employer_class_payroll_base;legal_due;recorded_cga_employer_revenue;timing_adjustments;arrears_corrections;base_definition_adjustment;perimeter_adjustment;economic_benchmark_due,no,blocked_missing_payroll_and_revenue_data,Legal employer rate is identified but employer-class payroll bases and CGA employer-revenue splits are not extracted; economic benchmark is not a legal debt.
2008,autonomous_entities_first_covered_2007,EUR_million,current_prices,legal_cash_reconciliation,0.110,,,,,,,,0.2375,,,TC_ACORDAO_255_2020;DR_EA_CONSOLIDATED;DGO_CGE_ARCHIVE;CGA_ANNUAL_REPORTS_ARCHIVE,bounded_legal_registry_employer_total,broad_rgss_employer_rate_counterfactual_not_legal_debt,employer_class_payroll_base;legal_due;recorded_cga_employer_revenue;timing_adjustments;arrears_corrections;base_definition_adjustment;perimeter_adjustment;economic_benchmark_due,no,blocked_missing_payroll_and_revenue_data,Legal employer rate is identified but employer-class payroll bases and CGA employer-revenue splits are not extracted; economic benchmark is not a legal debt.
2008,entities_first_covered_2009,EUR_million,current_prices,legal_cash_reconciliation,,,,,,,,,,,,TC_ACORDAO_255_2020;DR_EA_CONSOLIDATED;DGO_CGE_ARCHIVE;CGA_ANNUAL_REPORTS_ARCHIVE,blocked_missing_primary_law_rate_history,not_applicable_until_legal_rate_bounded,legal_employer_rate_total;employer_class_payroll_base;legal_due;recorded_cga_employer_revenue;timing_adjustments;arrears_corrections;base_definition_adjustment;perimeter_adjustment;economic_benchmark_due,no,blocked_missing_legal_payroll_and_revenue_data,Legal compliance gap and economic benchmark gap cannot be computed; economic benchmark is not a legal debt.
2009,central_state_integrated_services,EUR_million,current_prices,legal_cash_reconciliation,0.075,,,,,,,,0.2375,,,TC_ACORDAO_255_2020;DR_EA_CONSOLIDATED;DGO_CGE_ARCHIVE;CGA_ANNUAL_REPORTS_ARCHIVE,bounded_legal_registry_employer_total,broad_rgss_employer_rate_counterfactual_not_legal_debt,employer_class_payroll_base;legal_due;recorded_cga_employer_revenue;timing_adjustments;arrears_corrections;base_definition_adjustment;perimeter_adjustment;economic_benchmark_due,no,blocked_missing_payroll_and_revenue_data,Legal employer rate is identified but employer-class payroll bases and CGA employer-revenue splits are not extracted; economic benchmark is not a legal debt.
2009,entities_already_contributing_before_2007,EUR_million,current_prices,legal_cash_reconciliation,0.150,,,,,,,,0.2375,,,TC_ACORDAO_255_2020;DR_EA_CONSOLIDATED;DGO_CGE_ARCHIVE;CGA_ANNUAL_REPORTS_ARCHIVE,bounded_legal_registry_employer_total,broad_rgss_employer_rate_counterfactual_not_legal_debt,employer_class_payroll_base;legal_due;recorded_cga_employer_revenue;timing_adjustments;arrears_corrections;base_definition_adjustment;perimeter_adjustment;economic_benchmark_due,no,blocked_missing_payroll_and_revenue_data,Legal employer rate is identified but employer-class payroll bases and CGA employer-revenue splits are not extracted; economic benchmark is not a legal debt.
2009,autonomous_entities_first_covered_2007,EUR_million,current_prices,legal_cash_reconciliation,0.110,,,,,,,,0.2375,,,TC_ACORDAO_255_2020;DR_EA_CONSOLIDATED;DGO_CGE_ARCHIVE;CGA_ANNUAL_REPORTS_ARCHIVE,bounded_legal_registry_employer_total,broad_rgss_employer_rate_counterfactual_not_legal_debt,employer_class_payroll_base;legal_due;recorded_cga_employer_revenue;timing_adjustments;arrears_corrections;base_definition_adjustment;perimeter_adjustment;economic_benchmark_due,no,blocked_missing_payroll_and_revenue_data,Legal employer rate is identified but employer-class payroll bases and CGA employer-revenue splits are not extracted; economic benchmark is not a legal debt.
2009,entities_first_covered_2009,EUR_million,current_prices,legal_cash_reconciliation,0.075,,,,,,,,0.2375,,,TC_ACORDAO_255_2020;DR_EA_CONSOLIDATED;DGO_CGE_ARCHIVE;CGA_ANNUAL_REPORTS_ARCHIVE,bounded_legal_registry_employer_total,broad_rgss_employer_rate_counterfactual_not_legal_debt,employer_class_payroll_base;legal_due;recorded_cga_employer_revenue;timing_adjustments;arrears_corrections;base_definition_adjustment;perimeter_adjustment;economic_benchmark_due,no,blocked_missing_payroll_and_revenue_data,Legal employer rate is identified but employer-class payroll bases and CGA employer-revenue splits are not extracted; economic benchmark is not a legal debt.
2010,central_state_integrated_services,EUR_million,current_prices,legal_cash_reconciliation,0.150,,,,,,,,0.2375,,,TC_ACORDAO_255_2020;DR_EA_CONSOLIDATED;DGO_CGE_ARCHIVE;CGA_ANNUAL_REPORTS_ARCHIVE,bounded_legal_registry_employer_total,broad_rgss_employer_rate_counterfactual_not_legal_debt,employer_class_payroll_base;legal_due;recorded_cga_employer_revenue;timing_adjustments;arrears_corrections;base_definition_adjustment;perimeter_adjustment;economic_benchmark_due,no,blocked_missing_payroll_and_revenue_data,Legal employer rate is identified but employer-class payroll bases and CGA employer-revenue splits are not extracted; economic benchmark is not a legal debt.
2010,entities_already_contributing_before_2007,EUR_million,current_prices,legal_cash_reconciliation,0.150,,,,,,,,0.2375,,,TC_ACORDAO_255_2020;DR_EA_CONSOLIDATED;DGO_CGE_ARCHIVE;CGA_ANNUAL_REPORTS_ARCHIVE,bounded_legal_registry_employer_total,broad_rgss_employer_rate_counterfactual_not_legal_debt,employer_class_payroll_base;legal_due;recorded_cga_employer_revenue;timing_adjustments;arrears_corrections;base_definition_adjustment;perimeter_adjustment;economic_benchmark_due,no,blocked_missing_payroll_and_revenue_data,Legal employer rate is identified but employer-class payroll bases and CGA employer-revenue splits are not extracted; economic benchmark is not a legal debt.
2010,autonomous_entities_first_covered_2007,EUR_million,current_prices,legal_cash_reconciliation,0.110,,,,,,,,0.2375,,,TC_ACORDAO_255_2020;DR_EA_CONSOLIDATED;DGO_CGE_ARCHIVE;CGA_ANNUAL_REPORTS_ARCHIVE,bounded_legal_registry_employer_total,broad_rgss_employer_rate_counterfactual_not_legal_debt,employer_class_payroll_base;legal_due;recorded_cga_employer_revenue;timing_adjustments;arrears_corrections;base_definition_adjustment;perimeter_adjustment;economic_benchmark_due,no,blocked_missing_payroll_and_revenue_data,Legal employer rate is identified but employer-class payroll bases and CGA employer-revenue splits are not extracted; economic benchmark is not a legal debt.
2010,entities_first_covered_2009,EUR_million,current_prices,legal_cash_reconciliation,0.150,,,,,,,,0.2375,,,TC_ACORDAO_255_2020;DR_EA_CONSOLIDATED;DGO_CGE_ARCHIVE;CGA_ANNUAL_REPORTS_ARCHIVE,bounded_legal_registry_employer_total,broad_rgss_employer_rate_counterfactual_not_legal_debt,employer_class_payroll_base;legal_due;recorded_cga_employer_revenue;timing_adjustments;arrears_corrections;base_definition_adjustment;perimeter_adjustment;economic_benchmark_due,no,blocked_missing_payroll_and_revenue_data,Legal employer rate is identified but employer-class payroll bases and CGA employer-revenue splits are not extracted; economic benchmark is not a legal debt.
2011,central_state_integrated_services,EUR_million,current_prices,legal_cash_reconciliation,0.150,,,,,,,,0.2375,,,TC_ACORDAO_362_2016;DR_EA_CONSOLIDATED;DGO_CGE_ARCHIVE;CGA_ANNUAL_REPORTS_ARCHIVE,bounded_legal_registry_employer_total,broad_rgss_employer_rate_counterfactual_not_legal_debt,employer_class_payroll_base;legal_due;recorded_cga_employer_revenue;timing_adjustments;arrears_corrections;base_definition_adjustment;perimeter_adjustment;economic_benchmark_due,no,blocked_missing_payroll_and_revenue_data,Legal employer rate is identified but employer-class payroll bases and CGA employer-revenue splits are not extracted; economic benchmark is not a legal debt.
2011,entities_already_contributing_before_2007,EUR_million,current_prices,legal_cash_reconciliation,0.150,,,,,,,,0.2375,,,TC_ACORDAO_362_2016;DR_EA_CONSOLIDATED;DGO_CGE_ARCHIVE;CGA_ANNUAL_REPORTS_ARCHIVE,bounded_legal_registry_employer_total,broad_rgss_employer_rate_counterfactual_not_legal_debt,employer_class_payroll_base;legal_due;recorded_cga_employer_revenue;timing_adjustments;arrears_corrections;base_definition_adjustment;perimeter_adjustment;economic_benchmark_due,no,blocked_missing_payroll_and_revenue_data,Legal employer rate is identified but employer-class payroll bases and CGA employer-revenue splits are not extracted; economic benchmark is not a legal debt.
2011,autonomous_entities_first_covered_2007,EUR_million,current_prices,legal_cash_reconciliation,0.150,,,,,,,,0.2375,,,TC_ACORDAO_362_2016;DR_EA_CONSOLIDATED;DGO_CGE_ARCHIVE;CGA_ANNUAL_REPORTS_ARCHIVE,bounded_legal_registry_employer_total,broad_rgss_employer_rate_counterfactual_not_legal_debt,employer_class_payroll_base;legal_due;recorded_cga_employer_revenue;timing_adjustments;arrears_corrections;base_definition_adjustment;perimeter_adjustment;economic_benchmark_due,no,blocked_missing_payroll_and_revenue_data,Legal employer rate is identified but employer-class payroll bases and CGA employer-revenue splits are not extracted; economic benchmark is not a legal debt.
2011,entities_first_covered_2009,EUR_million,current_prices,legal_cash_reconciliation,0.150,,,,,,,,0.2375,,,TC_ACORDAO_362_2016;DR_EA_CONSOLIDATED;DGO_CGE_ARCHIVE;CGA_ANNUAL_REPORTS_ARCHIVE,bounded_legal_registry_employer_total,broad_rgss_employer_rate_counterfactual_not_legal_debt,employer_class_payroll_base;legal_due;recorded_cga_employer_revenue;timing_adjustments;arrears_corrections;base_definition_adjustment;perimeter_adjustment;economic_benchmark_due,no,blocked_missing_payroll_and_revenue_data,Legal employer rate is identified but employer-class payroll bases and CGA employer-revenue splits are not extracted; economic benchmark is not a legal debt.
2012,central_state_integrated_services,EUR_million,current_prices,legal_cash_reconciliation,0.150,,,,,,,,0.2375,,,TC_ACORDAO_362_2016;DR_EA_CONSOLIDATED;DGO_CGE_ARCHIVE;CGA_ANNUAL_REPORTS_ARCHIVE,bounded_legal_registry_employer_total,broad_rgss_employer_rate_counterfactual_not_legal_debt,employer_class_payroll_base;legal_due;recorded_cga_employer_revenue;timing_adjustments;arrears_corrections;base_definition_adjustment;perimeter_adjustment;economic_benchmark_due,no,blocked_missing_payroll_and_revenue_data,Legal employer rate is identified but employer-class payroll bases and CGA employer-revenue splits are not extracted; economic benchmark is not a legal debt.
2012,entities_already_contributing_before_2007,EUR_million,current_prices,legal_cash_reconciliation,0.150,,,,,,,,0.2375,,,TC_ACORDAO_362_2016;DR_EA_CONSOLIDATED;DGO_CGE_ARCHIVE;CGA_ANNUAL_REPORTS_ARCHIVE,bounded_legal_registry_employer_total,broad_rgss_employer_rate_counterfactual_not_legal_debt,employer_class_payroll_base;legal_due;recorded_cga_employer_revenue;timing_adjustments;arrears_corrections;base_definition_adjustment;perimeter_adjustment;economic_benchmark_due,no,blocked_missing_payroll_and_revenue_data,Legal employer rate is identified but employer-class payroll bases and CGA employer-revenue splits are not extracted; economic benchmark is not a legal debt.
2012,autonomous_entities_first_covered_2007,EUR_million,current_prices,legal_cash_reconciliation,0.150,,,,,,,,0.2375,,,TC_ACORDAO_362_2016;DR_EA_CONSOLIDATED;DGO_CGE_ARCHIVE;CGA_ANNUAL_REPORTS_ARCHIVE,bounded_legal_registry_employer_total,broad_rgss_employer_rate_counterfactual_not_legal_debt,employer_class_payroll_base;legal_due;recorded_cga_employer_revenue;timing_adjustments;arrears_corrections;base_definition_adjustment;perimeter_adjustment;economic_benchmark_due,no,blocked_missing_payroll_and_revenue_data,Legal employer rate is identified but employer-class payroll bases and CGA employer-revenue splits are not extracted; economic benchmark is not a legal debt.
2012,entities_first_covered_2009,EUR_million,current_prices,legal_cash_reconciliation,0.150,,,,,,,,0.2375,,,TC_ACORDAO_362_2016;DR_EA_CONSOLIDATED;DGO_CGE_ARCHIVE;CGA_ANNUAL_REPORTS_ARCHIVE,bounded_legal_registry_employer_total,broad_rgss_employer_rate_counterfactual_not_legal_debt,employer_class_payroll_base;legal_due;recorded_cga_employer_revenue;timing_adjustments;arrears_corrections;base_definition_adjustment;perimeter_adjustment;economic_benchmark_due,no,blocked_missing_payroll_and_revenue_data,Legal employer rate is identified but employer-class payroll bases and CGA employer-revenue splits are not extracted; economic benchmark is not a legal debt.
2013,central_state_integrated_services,EUR_million,current_prices,legal_cash_reconciliation,0.200,,,,,,,,0.2375,,,TC_ACORDAO_255_2020;DR_EA_CONSOLIDATED;DGO_CGE_ARCHIVE;CGA_ANNUAL_REPORTS_ARCHIVE,bounded_legal_registry_employer_total,broad_rgss_employer_rate_counterfactual_not_legal_debt,employer_class_payroll_base;legal_due;recorded_cga_employer_revenue;timing_adjustments;arrears_corrections;base_definition_adjustment;perimeter_adjustment;economic_benchmark_due,no,blocked_missing_payroll_and_revenue_data,Legal employer rate is identified but employer-class payroll bases and CGA employer-revenue splits are not extracted; economic benchmark is not a legal debt.
2013,entities_already_contributing_before_2007,EUR_million,current_prices,legal_cash_reconciliation,0.200,,,,,,,,0.2375,,,TC_ACORDAO_255_2020;DR_EA_CONSOLIDATED;DGO_CGE_ARCHIVE;CGA_ANNUAL_REPORTS_ARCHIVE,bounded_legal_registry_employer_total,broad_rgss_employer_rate_counterfactual_not_legal_debt,employer_class_payroll_base;legal_due;recorded_cga_employer_revenue;timing_adjustments;arrears_corrections;base_definition_adjustment;perimeter_adjustment;economic_benchmark_due,no,blocked_missing_payroll_and_revenue_data,Legal employer rate is identified but employer-class payroll bases and CGA employer-revenue splits are not extracted; economic benchmark is not a legal debt.
2013,autonomous_entities_first_covered_2007,EUR_million,current_prices,legal_cash_reconciliation,0.200,,,,,,,,0.2375,,,TC_ACORDAO_255_2020;DR_EA_CONSOLIDATED;DGO_CGE_ARCHIVE;CGA_ANNUAL_REPORTS_ARCHIVE,bounded_legal_registry_employer_total,broad_rgss_employer_rate_counterfactual_not_legal_debt,employer_class_payroll_base;legal_due;recorded_cga_employer_revenue;timing_adjustments;arrears_corrections;base_definition_adjustment;perimeter_adjustment;economic_benchmark_due,no,blocked_missing_payroll_and_revenue_data,Legal employer rate is identified but employer-class payroll bases and CGA employer-revenue splits are not extracted; economic benchmark is not a legal debt.
2013,entities_first_covered_2009,EUR_million,current_prices,legal_cash_reconciliation,0.200,,,,,,,,0.2375,,,TC_ACORDAO_255_2020;DR_EA_CONSOLIDATED;DGO_CGE_ARCHIVE;CGA_ANNUAL_REPORTS_ARCHIVE,bounded_legal_registry_employer_total,broad_rgss_employer_rate_counterfactual_not_legal_debt,employer_class_payroll_base;legal_due;recorded_cga_employer_revenue;timing_adjustments;arrears_corrections;base_definition_adjustment;perimeter_adjustment;economic_benchmark_due,no,blocked_missing_payroll_and_revenue_data,Legal employer rate is identified but employer-class payroll bases and CGA employer-revenue splits are not extracted; economic benchmark is not a legal debt.
2014,central_state_integrated_services,EUR_million,current_prices,legal_cash_reconciliation,0.2375,,,,,,,,0.2375,,,DR_EA_CONSOLIDATED;DGO_CGE_ARCHIVE;CGA_ANNUAL_REPORTS_ARCHIVE,bounded_legal_registry_employer_total,broad_rgss_employer_rate_counterfactual_not_legal_debt,employer_class_payroll_base;legal_due;recorded_cga_employer_revenue;timing_adjustments;arrears_corrections;base_definition_adjustment;perimeter_adjustment;economic_benchmark_due,no,blocked_missing_payroll_and_revenue_data,Legal employer rate is identified but employer-class payroll bases and CGA employer-revenue splits are not extracted; economic benchmark is not a legal debt.
2014,entities_already_contributing_before_2007,EUR_million,current_prices,legal_cash_reconciliation,0.2375,,,,,,,,0.2375,,,DR_EA_CONSOLIDATED;DGO_CGE_ARCHIVE;CGA_ANNUAL_REPORTS_ARCHIVE,bounded_legal_registry_employer_total,broad_rgss_employer_rate_counterfactual_not_legal_debt,employer_class_payroll_base;legal_due;recorded_cga_employer_revenue;timing_adjustments;arrears_corrections;base_definition_adjustment;perimeter_adjustment;economic_benchmark_due,no,blocked_missing_payroll_and_revenue_data,Legal employer rate is identified but employer-class payroll bases and CGA employer-revenue splits are not extracted; economic benchmark is not a legal debt.
2014,autonomous_entities_first_covered_2007,EUR_million,current_prices,legal_cash_reconciliation,0.2375,,,,,,,,0.2375,,,DR_EA_CONSOLIDATED;DGO_CGE_ARCHIVE;CGA_ANNUAL_REPORTS_ARCHIVE,bounded_legal_registry_employer_total,broad_rgss_employer_rate_counterfactual_not_legal_debt,employer_class_payroll_base;legal_due;recorded_cga_employer_revenue;timing_adjustments;arrears_corrections;base_definition_adjustment;perimeter_adjustment;economic_benchmark_due,no,blocked_missing_payroll_and_revenue_data,Legal employer rate is identified but employer-class payroll bases and CGA employer-revenue splits are not extracted; economic benchmark is not a legal debt.
2014,entities_first_covered_2009,EUR_million,current_prices,legal_cash_reconciliation,0.2375,,,,,,,,0.2375,,,DR_EA_CONSOLIDATED;DGO_CGE_ARCHIVE;CGA_ANNUAL_REPORTS_ARCHIVE,bounded_legal_registry_employer_total,broad_rgss_employer_rate_counterfactual_not_legal_debt,employer_class_payroll_base;legal_due;recorded_cga_employer_revenue;timing_adjustments;arrears_corrections;base_definition_adjustment;perimeter_adjustment;economic_benchmark_due,no,blocked_missing_payroll_and_revenue_data,Legal employer rate is identified but employer-class payroll bases and CGA employer-revenue splits are not extracted; economic benchmark is not a legal debt.
2015,central_state_integrated_services,EUR_million,current_prices,legal_cash_reconciliation,0.2375,,,,,,,,0.2375,,,DR_EA_CONSOLIDATED;DGO_CGE_ARCHIVE;CGA_ANNUAL_REPORTS_ARCHIVE,bounded_legal_registry_employer_total,broad_rgss_employer_rate_counterfactual_not_legal_debt,employer_class_payroll_base;legal_due;recorded_cga_employer_revenue;timing_adjustments;arrears_corrections;base_definition_adjustment;perimeter_adjustment;economic_benchmark_due,no,blocked_missing_payroll_and_revenue_data,Legal employer rate is identified but employer-class payroll bases and CGA employer-revenue splits are not extracted; economic benchmark is not a legal debt.
2015,entities_already_contributing_before_2007,EUR_million,current_prices,legal_cash_reconciliation,0.2375,,,,,,,,0.2375,,,DR_EA_CONSOLIDATED;DGO_CGE_ARCHIVE;CGA_ANNUAL_REPORTS_ARCHIVE,bounded_legal_registry_employer_total,broad_rgss_employer_rate_counterfactual_not_legal_debt,employer_class_payroll_base;legal_due;recorded_cga_employer_revenue;timing_adjustments;arrears_corrections;base_definition_adjustment;perimeter_adjustment;economic_benchmark_due,no,blocked_missing_payroll_and_revenue_data,Legal employer rate is identified but employer-class payroll bases and CGA employer-revenue splits are not extracted; economic benchmark is not a legal debt.
2015,autonomous_entities_first_covered_2007,EUR_million,current_prices,legal_cash_reconciliation,0.2375,,,,,,,,0.2375,,,DR_EA_CONSOLIDATED;DGO_CGE_ARCHIVE;CGA_ANNUAL_REPORTS_ARCHIVE,bounded_legal_registry_employer_total,broad_rgss_employer_rate_counterfactual_not_legal_debt,employer_class_payroll_base;legal_due;recorded_cga_employer_revenue;timing_adjustments;arrears_corrections;base_definition_adjustment;perimeter_adjustment;economic_benchmark_due,no,blocked_missing_payroll_and_revenue_data,Legal employer rate is identified but employer-class payroll bases and CGA employer-revenue splits are not extracted; economic benchmark is not a legal debt.
2015,entities_first_covered_2009,EUR_million,current_prices,legal_cash_reconciliation,0.2375,,,,,,,,0.2375,,,DR_EA_CONSOLIDATED;DGO_CGE_ARCHIVE;CGA_ANNUAL_REPORTS_ARCHIVE,bounded_legal_registry_employer_total,broad_rgss_employer_rate_counterfactual_not_legal_debt,employer_class_payroll_base;legal_due;recorded_cga_employer_revenue;timing_adjustments;arrears_corrections;base_definition_adjustment;perimeter_adjustment;economic_benchmark_due,no,blocked_missing_payroll_and_revenue_data,Legal employer rate is identified but employer-class payroll bases and CGA employer-revenue splits are not extracted; economic benchmark is not a legal debt.
2016,central_state_integrated_services,EUR_million,current_prices,legal_cash_reconciliation,0.2375,,,,,,,,0.2375,,,DR_EA_CONSOLIDATED;DGO_CGE_ARCHIVE;CGA_ANNUAL_REPORTS_ARCHIVE,bounded_legal_registry_employer_total,broad_rgss_employer_rate_counterfactual_not_legal_debt,employer_class_payroll_base;legal_due;recorded_cga_employer_revenue;timing_adjustments;arrears_corrections;base_definition_adjustment;perimeter_adjustment;economic_benchmark_due,no,blocked_missing_payroll_and_revenue_data,Legal employer rate is identified but employer-class payroll bases and CGA employer-revenue splits are not extracted; economic benchmark is not a legal debt.
2016,entities_already_contributing_before_2007,EUR_million,current_prices,legal_cash_reconciliation,0.2375,,,,,,,,0.2375,,,DR_EA_CONSOLIDATED;DGO_CGE_ARCHIVE;CGA_ANNUAL_REPORTS_ARCHIVE,bounded_legal_registry_employer_total,broad_rgss_employer_rate_counterfactual_not_legal_debt,employer_class_payroll_base;legal_due;recorded_cga_employer_revenue;timing_adjustments;arrears_corrections;base_definition_adjustment;perimeter_adjustment;economic_benchmark_due,no,blocked_missing_payroll_and_revenue_data,Legal employer rate is identified but employer-class payroll bases and CGA employer-revenue splits are not extracted; economic benchmark is not a legal debt.
2016,autonomous_entities_first_covered_2007,EUR_million,current_prices,legal_cash_reconciliation,0.2375,,,,,,,,0.2375,,,DR_EA_CONSOLIDATED;DGO_CGE_ARCHIVE;CGA_ANNUAL_REPORTS_ARCHIVE,bounded_legal_registry_employer_total,broad_rgss_employer_rate_counterfactual_not_legal_debt,employer_class_payroll_base;legal_due;recorded_cga_employer_revenue;timing_adjustments;arrears_corrections;base_definition_adjustment;perimeter_adjustment;economic_benchmark_due,no,blocked_missing_payroll_and_revenue_data,Legal employer rate is identified but employer-class payroll bases and CGA employer-revenue splits are not extracted; economic benchmark is not a legal debt.
2016,entities_first_covered_2009,EUR_million,current_prices,legal_cash_reconciliation,0.2375,,,,,,,,0.2375,,,DR_EA_CONSOLIDATED;DGO_CGE_ARCHIVE;CGA_ANNUAL_REPORTS_ARCHIVE,bounded_legal_registry_employer_total,broad_rgss_employer_rate_counterfactual_not_legal_debt,employer_class_payroll_base;legal_due;recorded_cga_employer_revenue;timing_adjustments;arrears_corrections;base_definition_adjustment;perimeter_adjustment;economic_benchmark_due,no,blocked_missing_payroll_and_revenue_data,Legal employer rate is identified but employer-class payroll bases and CGA employer-revenue splits are not extracted; economic benchmark is not a legal debt.
2017,central_state_integrated_services,EUR_million,current_prices,legal_cash_reconciliation,0.2375,,,,,,,,0.2375,,,DR_EA_CONSOLIDATED;DGO_CGE_ARCHIVE;CGA_ANNUAL_REPORTS_ARCHIVE,bounded_legal_registry_employer_total,broad_rgss_employer_rate_counterfactual_not_legal_debt,employer_class_payroll_base;legal_due;recorded_cga_employer_revenue;timing_adjustments;arrears_corrections;base_definition_adjustment;perimeter_adjustment;economic_benchmark_due,no,blocked_missing_payroll_and_revenue_data,Legal employer rate is identified but employer-class payroll bases and CGA employer-revenue splits are not extracted; economic benchmark is not a legal debt.
2017,entities_already_contributing_before_2007,EUR_million,current_prices,legal_cash_reconciliation,0.2375,,,,,,,,0.2375,,,DR_EA_CONSOLIDATED;DGO_CGE_ARCHIVE;CGA_ANNUAL_REPORTS_ARCHIVE,bounded_legal_registry_employer_total,broad_rgss_employer_rate_counterfactual_not_legal_debt,employer_class_payroll_base;legal_due;recorded_cga_employer_revenue;timing_adjustments;arrears_corrections;base_definition_adjustment;perimeter_adjustment;economic_benchmark_due,no,blocked_missing_payroll_and_revenue_data,Legal employer rate is identified but employer-class payroll bases and CGA employer-revenue splits are not extracted; economic benchmark is not a legal debt.
2017,autonomous_entities_first_covered_2007,EUR_million,current_prices,legal_cash_reconciliation,0.2375,,,,,,,,0.2375,,,DR_EA_CONSOLIDATED;DGO_CGE_ARCHIVE;CGA_ANNUAL_REPORTS_ARCHIVE,bounded_legal_registry_employer_total,broad_rgss_employer_rate_counterfactual_not_legal_debt,employer_class_payroll_base;legal_due;recorded_cga_employer_revenue;timing_adjustments;arrears_corrections;base_definition_adjustment;perimeter_adjustment;economic_benchmark_due,no,blocked_missing_payroll_and_revenue_data,Legal employer rate is identified but employer-class payroll bases and CGA employer-revenue splits are not extracted; economic benchmark is not a legal debt.
2017,entities_first_covered_2009,EUR_million,current_prices,legal_cash_reconciliation,0.2375,,,,,,,,0.2375,,,DR_EA_CONSOLIDATED;DGO_CGE_ARCHIVE;CGA_ANNUAL_REPORTS_ARCHIVE,bounded_legal_registry_employer_total,broad_rgss_employer_rate_counterfactual_not_legal_debt,employer_class_payroll_base;legal_due;recorded_cga_employer_revenue;timing_adjustments;arrears_corrections;base_definition_adjustment;perimeter_adjustment;economic_benchmark_due,no,blocked_missing_payroll_and_revenue_data,Legal employer rate is identified but employer-class payroll bases and CGA employer-revenue splits are not extracted; economic benchmark is not a legal debt.
2018,central_state_integrated_services,EUR_million,current_prices,legal_cash_reconciliation,0.2375,,,,,,,,0.2375,,,DR_EA_CONSOLIDATED;DGO_CGE_ARCHIVE;CGA_ANNUAL_REPORTS_ARCHIVE,bounded_legal_registry_employer_total,broad_rgss_employer_rate_counterfactual_not_legal_debt,employer_class_payroll_base;legal_due;recorded_cga_employer_revenue;timing_adjustments;arrears_corrections;base_definition_adjustment;perimeter_adjustment;economic_benchmark_due,no,blocked_missing_payroll_and_revenue_data,Legal employer rate is identified but employer-class payroll bases and CGA employer-revenue splits are not extracted; economic benchmark is not a legal debt.
2018,entities_already_contributing_before_2007,EUR_million,current_prices,legal_cash_reconciliation,0.2375,,,,,,,,0.2375,,,DR_EA_CONSOLIDATED;DGO_CGE_ARCHIVE;CGA_ANNUAL_REPORTS_ARCHIVE,bounded_legal_registry_employer_total,broad_rgss_employer_rate_counterfactual_not_legal_debt,employer_class_payroll_base;legal_due;recorded_cga_employer_revenue;timing_adjustments;arrears_corrections;base_definition_adjustment;perimeter_adjustment;economic_benchmark_due,no,blocked_missing_payroll_and_revenue_data,Legal employer rate is identified but employer-class payroll bases and CGA employer-revenue splits are not extracted; economic benchmark is not a legal debt.
2018,autonomous_entities_first_covered_2007,EUR_million,current_prices,legal_cash_reconciliation,0.2375,,,,,,,,0.2375,,,DR_EA_CONSOLIDATED;DGO_CGE_ARCHIVE;CGA_ANNUAL_REPORTS_ARCHIVE,bounded_legal_registry_employer_total,broad_rgss_employer_rate_counterfactual_not_legal_debt,employer_class_payroll_base;legal_due;recorded_cga_employer_revenue;timing_adjustments;arrears_corrections;base_definition_adjustment;perimeter_adjustment;economic_benchmark_due,no,blocked_missing_payroll_and_revenue_data,Legal employer rate is identified but employer-class payroll bases and CGA employer-revenue splits are not extracted; economic benchmark is not a legal debt.
2018,entities_first_covered_2009,EUR_million,current_prices,legal_cash_reconciliation,0.2375,,,,,,,,0.2375,,,DR_EA_CONSOLIDATED;DGO_CGE_ARCHIVE;CGA_ANNUAL_REPORTS_ARCHIVE,bounded_legal_registry_employer_total,broad_rgss_employer_rate_counterfactual_not_legal_debt,employer_class_payroll_base;legal_due;recorded_cga_employer_revenue;timing_adjustments;arrears_corrections;base_definition_adjustment;perimeter_adjustment;economic_benchmark_due,no,blocked_missing_payroll_and_revenue_data,Legal employer rate is identified but employer-class payroll bases and CGA employer-revenue splits are not extracted; economic benchmark is not a legal debt.
2019,central_state_integrated_services,EUR_million,current_prices,legal_cash_reconciliation,0.2375,,,,,,,,0.2375,,,DR_EA_CONSOLIDATED;DGO_CGE_ARCHIVE;CGA_ANNUAL_REPORTS_ARCHIVE,bounded_legal_registry_employer_total,broad_rgss_employer_rate_counterfactual_not_legal_debt,employer_class_payroll_base;legal_due;recorded_cga_employer_revenue;timing_adjustments;arrears_corrections;base_definition_adjustment;perimeter_adjustment;economic_benchmark_due,no,blocked_missing_payroll_and_revenue_data,Legal employer rate is identified but employer-class payroll bases and CGA employer-revenue splits are not extracted; economic benchmark is not a legal debt.
2019,entities_already_contributing_before_2007,EUR_million,current_prices,legal_cash_reconciliation,0.2375,,,,,,,,0.2375,,,DR_EA_CONSOLIDATED;DGO_CGE_ARCHIVE;CGA_ANNUAL_REPORTS_ARCHIVE,bounded_legal_registry_employer_total,broad_rgss_employer_rate_counterfactual_not_legal_debt,employer_class_payroll_base;legal_due;recorded_cga_employer_revenue;timing_adjustments;arrears_corrections;base_definition_adjustment;perimeter_adjustment;economic_benchmark_due,no,blocked_missing_payroll_and_revenue_data,Legal employer rate is identified but employer-class payroll bases and CGA employer-revenue splits are not extracted; economic benchmark is not a legal debt.
2019,autonomous_entities_first_covered_2007,EUR_million,current_prices,legal_cash_reconciliation,0.2375,,,,,,,,0.2375,,,DR_EA_CONSOLIDATED;DGO_CGE_ARCHIVE;CGA_ANNUAL_REPORTS_ARCHIVE,bounded_legal_registry_employer_total,broad_rgss_employer_rate_counterfactual_not_legal_debt,employer_class_payroll_base;legal_due;recorded_cga_employer_revenue;timing_adjustments;arrears_corrections;base_definition_adjustment;perimeter_adjustment;economic_benchmark_due,no,blocked_missing_payroll_and_revenue_data,Legal employer rate is identified but employer-class payroll bases and CGA employer-revenue splits are not extracted; economic benchmark is not a legal debt.
2019,entities_first_covered_2009,EUR_million,current_prices,legal_cash_reconciliation,0.2375,,,,,,,,0.2375,,,DR_EA_CONSOLIDATED;DGO_CGE_ARCHIVE;CGA_ANNUAL_REPORTS_ARCHIVE,bounded_legal_registry_employer_total,broad_rgss_employer_rate_counterfactual_not_legal_debt,employer_class_payroll_base;legal_due;recorded_cga_employer_revenue;timing_adjustments;arrears_corrections;base_definition_adjustment;perimeter_adjustment;economic_benchmark_due,no,blocked_missing_payroll_and_revenue_data,Legal employer rate is identified but employer-class payroll bases and CGA employer-revenue splits are not extracted; economic benchmark is not a legal debt.
2020,central_state_integrated_services,EUR_million,current_prices,legal_cash_reconciliation,0.2375,,,,,,,,0.2375,,,DR_EA_CONSOLIDATED;DGO_CGE_ARCHIVE;CGA_ANNUAL_REPORTS_ARCHIVE,bounded_legal_registry_employer_total,broad_rgss_employer_rate_counterfactual_not_legal_debt,employer_class_payroll_base;legal_due;recorded_cga_employer_revenue;timing_adjustments;arrears_corrections;base_definition_adjustment;perimeter_adjustment;economic_benchmark_due,no,blocked_missing_payroll_and_revenue_data,Legal employer rate is identified but employer-class payroll bases and CGA employer-revenue splits are not extracted; economic benchmark is not a legal debt.
2020,entities_already_contributing_before_2007,EUR_million,current_prices,legal_cash_reconciliation,0.2375,,,,,,,,0.2375,,,DR_EA_CONSOLIDATED;DGO_CGE_ARCHIVE;CGA_ANNUAL_REPORTS_ARCHIVE,bounded_legal_registry_employer_total,broad_rgss_employer_rate_counterfactual_not_legal_debt,employer_class_payroll_base;legal_due;recorded_cga_employer_revenue;timing_adjustments;arrears_corrections;base_definition_adjustment;perimeter_adjustment;economic_benchmark_due,no,blocked_missing_payroll_and_revenue_data,Legal employer rate is identified but employer-class payroll bases and CGA employer-revenue splits are not extracted; economic benchmark is not a legal debt.
2020,autonomous_entities_first_covered_2007,EUR_million,current_prices,legal_cash_reconciliation,0.2375,,,,,,,,0.2375,,,DR_EA_CONSOLIDATED;DGO_CGE_ARCHIVE;CGA_ANNUAL_REPORTS_ARCHIVE,bounded_legal_registry_employer_total,broad_rgss_employer_rate_counterfactual_not_legal_debt,employer_class_payroll_base;legal_due;recorded_cga_employer_revenue;timing_adjustments;arrears_corrections;base_definition_adjustment;perimeter_adjustment;economic_benchmark_due,no,blocked_missing_payroll_and_revenue_data,Legal employer rate is identified but employer-class payroll bases and CGA employer-revenue splits are not extracted; economic benchmark is not a legal debt.
2020,entities_first_covered_2009,EUR_million,current_prices,legal_cash_reconciliation,0.2375,,,,,,,,0.2375,,,DR_EA_CONSOLIDATED;DGO_CGE_ARCHIVE;CGA_ANNUAL_REPORTS_ARCHIVE,bounded_legal_registry_employer_total,broad_rgss_employer_rate_counterfactual_not_legal_debt,employer_class_payroll_base;legal_due;recorded_cga_employer_revenue;timing_adjustments;arrears_corrections;base_definition_adjustment;perimeter_adjustment;economic_benchmark_due,no,blocked_missing_payroll_and_revenue_data,Legal employer rate is identified but employer-class payroll bases and CGA employer-revenue splits are not extracted; economic benchmark is not a legal debt.
2021,central_state_integrated_services,EUR_million,current_prices,legal_cash_reconciliation,0.2375,,,,,,,,0.2375,,,DR_EA_CONSOLIDATED;DGO_CGE_ARCHIVE;CGA_ANNUAL_REPORTS_ARCHIVE,bounded_legal_registry_employer_total,broad_rgss_employer_rate_counterfactual_not_legal_debt,employer_class_payroll_base;legal_due;recorded_cga_employer_revenue;timing_adjustments;arrears_corrections;base_definition_adjustment;perimeter_adjustment;economic_benchmark_due,no,blocked_missing_payroll_and_revenue_data,Legal employer rate is identified but employer-class payroll bases and CGA employer-revenue splits are not extracted; economic benchmark is not a legal debt.
2021,entities_already_contributing_before_2007,EUR_million,current_prices,legal_cash_reconciliation,0.2375,,,,,,,,0.2375,,,DR_EA_CONSOLIDATED;DGO_CGE_ARCHIVE;CGA_ANNUAL_REPORTS_ARCHIVE,bounded_legal_registry_employer_total,broad_rgss_employer_rate_counterfactual_not_legal_debt,employer_class_payroll_base;legal_due;recorded_cga_employer_revenue;timing_adjustments;arrears_corrections;base_definition_adjustment;perimeter_adjustment;economic_benchmark_due,no,blocked_missing_payroll_and_revenue_data,Legal employer rate is identified but employer-class payroll bases and CGA employer-revenue splits are not extracted; economic benchmark is not a legal debt.
2021,autonomous_entities_first_covered_2007,EUR_million,current_prices,legal_cash_reconciliation,0.2375,,,,,,,,0.2375,,,DR_EA_CONSOLIDATED;DGO_CGE_ARCHIVE;CGA_ANNUAL_REPORTS_ARCHIVE,bounded_legal_registry_employer_total,broad_rgss_employer_rate_counterfactual_not_legal_debt,employer_class_payroll_base;legal_due;recorded_cga_employer_revenue;timing_adjustments;arrears_corrections;base_definition_adjustment;perimeter_adjustment;economic_benchmark_due,no,blocked_missing_payroll_and_revenue_data,Legal employer rate is identified but employer-class payroll bases and CGA employer-revenue splits are not extracted; economic benchmark is not a legal debt.
2021,entities_first_covered_2009,EUR_million,current_prices,legal_cash_reconciliation,0.2375,,,,,,,,0.2375,,,DR_EA_CONSOLIDATED;DGO_CGE_ARCHIVE;CGA_ANNUAL_REPORTS_ARCHIVE,bounded_legal_registry_employer_total,broad_rgss_employer_rate_counterfactual_not_legal_debt,employer_class_payroll_base;legal_due;recorded_cga_employer_revenue;timing_adjustments;arrears_corrections;base_definition_adjustment;perimeter_adjustment;economic_benchmark_due,no,blocked_missing_payroll_and_revenue_data,Legal employer rate is identified but employer-class payroll bases and CGA employer-revenue splits are not extracted; economic benchmark is not a legal debt.
2022,central_state_integrated_services,EUR_million,current_prices,legal_cash_reconciliation,0.2375,,,,,,,,0.2375,,,DR_EA_CONSOLIDATED;DGO_CGE_ARCHIVE;CGA_ANNUAL_REPORTS_ARCHIVE,bounded_legal_registry_employer_total,broad_rgss_employer_rate_counterfactual_not_legal_debt,employer_class_payroll_base;legal_due;recorded_cga_employer_revenue;timing_adjustments;arrears_corrections;base_definition_adjustment;perimeter_adjustment;economic_benchmark_due,no,blocked_missing_payroll_and_revenue_data,Legal employer rate is identified but employer-class payroll bases and CGA employer-revenue splits are not extracted; economic benchmark is not a legal debt.
2022,entities_already_contributing_before_2007,EUR_million,current_prices,legal_cash_reconciliation,0.2375,,,,,,,,0.2375,,,DR_EA_CONSOLIDATED;DGO_CGE_ARCHIVE;CGA_ANNUAL_REPORTS_ARCHIVE,bounded_legal_registry_employer_total,broad_rgss_employer_rate_counterfactual_not_legal_debt,employer_class_payroll_base;legal_due;recorded_cga_employer_revenue;timing_adjustments;arrears_corrections;base_definition_adjustment;perimeter_adjustment;economic_benchmark_due,no,blocked_missing_payroll_and_revenue_data,Legal employer rate is identified but employer-class payroll bases and CGA employer-revenue splits are not extracted; economic benchmark is not a legal debt.
2022,autonomous_entities_first_covered_2007,EUR_million,current_prices,legal_cash_reconciliation,0.2375,,,,,,,,0.2375,,,DR_EA_CONSOLIDATED;DGO_CGE_ARCHIVE;CGA_ANNUAL_REPORTS_ARCHIVE,bounded_legal_registry_employer_total,broad_rgss_employer_rate_counterfactual_not_legal_debt,employer_class_payroll_base;legal_due;recorded_cga_employer_revenue;timing_adjustments;arrears_corrections;base_definition_adjustment;perimeter_adjustment;economic_benchmark_due,no,blocked_missing_payroll_and_revenue_data,Legal employer rate is identified but employer-class payroll bases and CGA employer-revenue splits are not extracted; economic benchmark is not a legal debt.
2022,entities_first_covered_2009,EUR_million,current_prices,legal_cash_reconciliation,0.2375,,,,,,,,0.2375,,,DR_EA_CONSOLIDATED;DGO_CGE_ARCHIVE;CGA_ANNUAL_REPORTS_ARCHIVE,bounded_legal_registry_employer_total,broad_rgss_employer_rate_counterfactual_not_legal_debt,employer_class_payroll_base;legal_due;recorded_cga_employer_revenue;timing_adjustments;arrears_corrections;base_definition_adjustment;perimeter_adjustment;economic_benchmark_due,no,blocked_missing_payroll_and_revenue_data,Legal employer rate is identified but employer-class payroll bases and CGA employer-revenue splits are not extracted; economic benchmark is not a legal debt.
2023,central_state_integrated_services,EUR_million,current_prices,legal_cash_reconciliation,0.2375,,,,,,,,0.2375,,,DR_EA_CONSOLIDATED;DGO_CGE_ARCHIVE;CGA_ANNUAL_REPORTS_ARCHIVE,bounded_legal_registry_employer_total,broad_rgss_employer_rate_counterfactual_not_legal_debt,employer_class_payroll_base;legal_due;recorded_cga_employer_revenue;timing_adjustments;arrears_corrections;base_definition_adjustment;perimeter_adjustment;economic_benchmark_due,no,blocked_missing_payroll_and_revenue_data,Legal employer rate is identified but employer-class payroll bases and CGA employer-revenue splits are not extracted; economic benchmark is not a legal debt.
2023,entities_already_contributing_before_2007,EUR_million,current_prices,legal_cash_reconciliation,0.2375,,,,,,,,0.2375,,,DR_EA_CONSOLIDATED;DGO_CGE_ARCHIVE;CGA_ANNUAL_REPORTS_ARCHIVE,bounded_legal_registry_employer_total,broad_rgss_employer_rate_counterfactual_not_legal_debt,employer_class_payroll_base;legal_due;recorded_cga_employer_revenue;timing_adjustments;arrears_corrections;base_definition_adjustment;perimeter_adjustment;economic_benchmark_due,no,blocked_missing_payroll_and_revenue_data,Legal employer rate is identified but employer-class payroll bases and CGA employer-revenue splits are not extracted; economic benchmark is not a legal debt.
2023,autonomous_entities_first_covered_2007,EUR_million,current_prices,legal_cash_reconciliation,0.2375,,,,,,,,0.2375,,,DR_EA_CONSOLIDATED;DGO_CGE_ARCHIVE;CGA_ANNUAL_REPORTS_ARCHIVE,bounded_legal_registry_employer_total,broad_rgss_employer_rate_counterfactual_not_legal_debt,employer_class_payroll_base;legal_due;recorded_cga_employer_revenue;timing_adjustments;arrears_corrections;base_definition_adjustment;perimeter_adjustment;economic_benchmark_due,no,blocked_missing_payroll_and_revenue_data,Legal employer rate is identified but employer-class payroll bases and CGA employer-revenue splits are not extracted; economic benchmark is not a legal debt.
2023,entities_first_covered_2009,EUR_million,current_prices,legal_cash_reconciliation,0.2375,,,,,,,,0.2375,,,DR_EA_CONSOLIDATED;DGO_CGE_ARCHIVE;CGA_ANNUAL_REPORTS_ARCHIVE,bounded_legal_registry_employer_total,broad_rgss_employer_rate_counterfactual_not_legal_debt,employer_class_payroll_base;legal_due;recorded_cga_employer_revenue;timing_adjustments;arrears_corrections;base_definition_adjustment;perimeter_adjustment;economic_benchmark_due,no,blocked_missing_payroll_and_revenue_data,Legal employer rate is identified but employer-class payroll bases and CGA employer-revenue splits are not extracted; economic benchmark is not a legal debt.
2024,central_state_integrated_services,EUR_million,current_prices,legal_cash_reconciliation,0.2375,,,,,,,,0.2375,,,DR_EA_CONSOLIDATED;DGO_CGE_ARCHIVE;CGA_ANNUAL_REPORTS_ARCHIVE,bounded_legal_registry_employer_total,broad_rgss_employer_rate_counterfactual_not_legal_debt,employer_class_payroll_base;legal_due;recorded_cga_employer_revenue;timing_adjustments;arrears_corrections;base_definition_adjustment;perimeter_adjustment;economic_benchmark_due,no,blocked_missing_payroll_and_revenue_data,Legal employer rate is identified but employer-class payroll bases and CGA employer-revenue splits are not extracted; economic benchmark is not a legal debt.
2024,entities_already_contributing_before_2007,EUR_million,current_prices,legal_cash_reconciliation,0.2375,,,,,,,,0.2375,,,DR_EA_CONSOLIDATED;DGO_CGE_ARCHIVE;CGA_ANNUAL_REPORTS_ARCHIVE,bounded_legal_registry_employer_total,broad_rgss_employer_rate_counterfactual_not_legal_debt,employer_class_payroll_base;legal_due;recorded_cga_employer_revenue;timing_adjustments;arrears_corrections;base_definition_adjustment;perimeter_adjustment;economic_benchmark_due,no,blocked_missing_payroll_and_revenue_data,Legal employer rate is identified but employer-class payroll bases and CGA employer-revenue splits are not extracted; economic benchmark is not a legal debt.
2024,autonomous_entities_first_covered_2007,EUR_million,current_prices,legal_cash_reconciliation,0.2375,,,,,,,,0.2375,,,DR_EA_CONSOLIDATED;DGO_CGE_ARCHIVE;CGA_ANNUAL_REPORTS_ARCHIVE,bounded_legal_registry_employer_total,broad_rgss_employer_rate_counterfactual_not_legal_debt,employer_class_payroll_base;legal_due;recorded_cga_employer_revenue;timing_adjustments;arrears_corrections;base_definition_adjustment;perimeter_adjustment;economic_benchmark_due,no,blocked_missing_payroll_and_revenue_data,Legal employer rate is identified but employer-class payroll bases and CGA employer-revenue splits are not extracted; economic benchmark is not a legal debt.
2024,entities_first_covered_2009,EUR_million,current_prices,legal_cash_reconciliation,0.2375,,,,,,,,0.2375,,,DR_EA_CONSOLIDATED;DGO_CGE_ARCHIVE;CGA_ANNUAL_REPORTS_ARCHIVE,bounded_legal_registry_employer_total,broad_rgss_employer_rate_counterfactual_not_legal_debt,employer_class_payroll_base;legal_due;recorded_cga_employer_revenue;timing_adjustments;arrears_corrections;base_definition_adjustment;perimeter_adjustment;economic_benchmark_due,no,blocked_missing_payroll_and_revenue_data,Legal employer rate is identified but employer-class payroll bases and CGA employer-revenue splits are not extracted; economic benchmark is not a legal debt.
2025,central_state_integrated_services,EUR_million,current_prices,legal_cash_reconciliation,0.2375,,,,,,,,0.2375,,,DR_EA_CONSOLIDATED,bounded_legal_registry_employer_total,broad_rgss_employer_rate_counterfactual_not_legal_debt,employer_class_payroll_base;legal_due;recorded_cga_employer_revenue;timing_adjustments;arrears_corrections;base_definition_adjustment;perimeter_adjustment;economic_benchmark_due,no,blocked_missing_payroll_and_revenue_data,Legal employer rate is identified but employer-class payroll bases and CGA employer-revenue splits are not extracted; economic benchmark is not a legal debt.
2025,entities_already_contributing_before_2007,EUR_million,current_prices,legal_cash_reconciliation,0.2375,,,,,,,,0.2375,,,DR_EA_CONSOLIDATED,bounded_legal_registry_employer_total,broad_rgss_employer_rate_counterfactual_not_legal_debt,employer_class_payroll_base;legal_due;recorded_cga_employer_revenue;timing_adjustments;arrears_corrections;base_definition_adjustment;perimeter_adjustment;economic_benchmark_due,no,blocked_missing_payroll_and_revenue_data,Legal employer rate is identified but employer-class payroll bases and CGA employer-revenue splits are not extracted; economic benchmark is not a legal debt.
2025,autonomous_entities_first_covered_2007,EUR_million,current_prices,legal_cash_reconciliation,0.2375,,,,,,,,0.2375,,,DR_EA_CONSOLIDATED,bounded_legal_registry_employer_total,broad_rgss_employer_rate_counterfactual_not_legal_debt,employer_class_payroll_base;legal_due;recorded_cga_employer_revenue;timing_adjustments;arrears_corrections;base_definition_adjustment;perimeter_adjustment;economic_benchmark_due,no,blocked_missing_payroll_and_revenue_data,Legal employer rate is identified but employer-class payroll bases and CGA employer-revenue splits are not extracted; economic benchmark is not a legal debt.
2025,entities_first_covered_2009,EUR_million,current_prices,legal_cash_reconciliation,0.2375,,,,,,,,0.2375,,,DR_EA_CONSOLIDATED,bounded_legal_registry_employer_total,broad_rgss_employer_rate_counterfactual_not_legal_debt,employer_class_payroll_base;legal_due;recorded_cga_employer_revenue;timing_adjustments;arrears_corrections;base_definition_adjustment;perimeter_adjustment;economic_benchmark_due,no,blocked_missing_payroll_and_revenue_data,Legal employer rate is identified but employer-class payroll bases and CGA employer-revenue splits are not extracted; economic benchmark is not a legal debt.
