"variable_id","year","source_id","coverage_status","format","granularity","definition_break","revision_status","notes"
"cge_public_accounts","1977","DR_LEI64_1977;DGO_CGE_ARCHIVE","definition-break","pdf_or_html_catalogue","annual_public_accounts","Lei_64_1977_progressive_services_and_funds_inclusion","not_extracted","CGE horizon starts with statutory progressive inclusion of autonomous services and funds."
"cge_public_accounts","1978","DGO_CGE_ARCHIVE","observed","pdf_or_html_catalogue","annual_public_accounts","none","not_extracted","DGO CGE catalogue provides official account route; extraction still required."
"cge_public_accounts","1979","DGO_CGE_ARCHIVE","observed","pdf_or_html_catalogue","annual_public_accounts","none","not_extracted","DGO CGE catalogue provides official account route; extraction still required."
"cge_public_accounts","1980","DGO_CGE_ARCHIVE","observed","pdf_or_html_catalogue","annual_public_accounts","none","not_extracted","DGO CGE catalogue provides official account route; extraction still required."
"cge_public_accounts","1981","DGO_CGE_ARCHIVE","observed","pdf_or_html_catalogue","annual_public_accounts","none","not_extracted","DGO CGE catalogue provides official account route; extraction still required."
"cge_public_accounts","1982","DGO_CGE_ARCHIVE","observed","pdf_or_html_catalogue","annual_public_accounts","none","not_extracted","DGO CGE catalogue provides official account route; extraction still required."
"cge_public_accounts","1983","DGO_CGE_ARCHIVE","observed","pdf_or_html_catalogue","annual_public_accounts","none","not_extracted","DGO CGE catalogue provides official account route; extraction still required."
"cge_public_accounts","1984","DGO_CGE_ARCHIVE","observed","pdf_or_html_catalogue","annual_public_accounts","none","not_extracted","DGO CGE catalogue provides official account route; extraction still required."
"cge_public_accounts","1985","DGO_CGE_ARCHIVE","observed","pdf_or_html_catalogue","annual_public_accounts","none","not_extracted","DGO CGE catalogue provides official account route; extraction still required."
"cge_public_accounts","1986","DGO_CGE_ARCHIVE","observed","pdf_or_html_catalogue","annual_public_accounts","none","not_extracted","DGO CGE catalogue provides official account route; extraction still required."
"cge_public_accounts","1987","DGO_CGE_ARCHIVE","observed","pdf_or_html_catalogue","annual_public_accounts","none","not_extracted","DGO CGE catalogue provides official account route; extraction still required."
"cge_public_accounts","1988","DGO_CGE_ARCHIVE","observed","pdf_or_html_catalogue","annual_public_accounts","none","not_extracted","DGO CGE catalogue provides official account route; extraction still required."
"cge_public_accounts","1989","DGO_CGE_ARCHIVE","observed","pdf_or_html_catalogue","annual_public_accounts","none","not_extracted","DGO CGE catalogue provides official account route; extraction still required."
"cge_public_accounts","1990","DGO_CGE_ARCHIVE","observed","pdf_or_html_catalogue","annual_public_accounts","none","not_extracted","DGO CGE catalogue provides official account route; extraction still required."
"cge_public_accounts","1991","DGO_CGE_ARCHIVE","observed","pdf_or_html_catalogue","annual_public_accounts","none","not_extracted","DGO CGE catalogue provides official account route; extraction still required."
"cge_public_accounts","1992","DGO_CGE_ARCHIVE","observed","pdf_or_html_catalogue","annual_public_accounts","none","not_extracted","DGO CGE catalogue provides official account route; extraction still required."
"cge_public_accounts","1993","DGO_CGE_ARCHIVE","observed","pdf_or_html_catalogue","annual_public_accounts","none","not_extracted","DGO CGE catalogue provides official account route; extraction still required."
"cge_public_accounts","1994","DGO_CGE_ARCHIVE","observed","pdf_or_html_catalogue","annual_public_accounts","none","not_extracted","DGO CGE catalogue provides official account route; extraction still required."
"cge_public_accounts","1995","DGO_CGE_ARCHIVE","observed","pdf_or_html_catalogue","annual_public_accounts","none","not_extracted","DGO CGE catalogue provides official account route; extraction still required."
"cge_public_accounts","1996","DGO_CGE_ARCHIVE","observed","pdf_or_html_catalogue","annual_public_accounts","none","not_extracted","DGO CGE catalogue provides official account route; extraction still required."
"cge_public_accounts","1997","DGO_CGE_ARCHIVE","observed","pdf_or_html_catalogue","annual_public_accounts","none","not_extracted","DGO CGE catalogue provides official account route; extraction still required."
"cge_public_accounts","1998","DGO_CGE_ARCHIVE","observed","pdf_or_html_catalogue","annual_public_accounts","none","not_extracted","DGO CGE catalogue provides official account route; extraction still required."
"cge_public_accounts","1999","DGO_CGE_ARCHIVE","observed","pdf_or_html_catalogue","annual_public_accounts","none","not_extracted","DGO CGE catalogue provides official account route; extraction still required."
"cge_public_accounts","2000","DGO_CGE_ARCHIVE","observed","pdf_or_html_catalogue","annual_public_accounts","none","not_extracted","DGO CGE catalogue provides official account route; extraction still required."
"cge_public_accounts","2001","DGO_CGE_ARCHIVE","observed","pdf_or_html_catalogue","annual_public_accounts","none","not_extracted","DGO CGE catalogue provides official account route; extraction still required."
"cge_public_accounts","2002","DGO_CGE_ARCHIVE","observed","pdf_or_html_catalogue","annual_public_accounts","none","not_extracted","DGO CGE catalogue provides official account route; extraction still required."
"cge_public_accounts","2003","DGO_CGE_ARCHIVE","observed","pdf_or_html_catalogue","annual_public_accounts","none","not_extracted","DGO CGE catalogue provides official account route; extraction still required."
"cge_public_accounts","2004","DGO_CGE_ARCHIVE","observed","pdf_or_html_catalogue","annual_public_accounts","none","not_extracted","DGO CGE catalogue provides official account route; extraction still required."
"cge_public_accounts","2005","DGO_CGE_ARCHIVE","observed","pdf_or_html_catalogue","annual_public_accounts","none","not_extracted","DGO CGE catalogue provides official account route; extraction still required."
"cge_public_accounts","2006","DGO_CGE_ARCHIVE","observed","pdf_or_html_catalogue","annual_public_accounts","none","not_extracted","DGO CGE catalogue provides official account route; extraction still required."
"cge_public_accounts","2007","DGO_CGE_ARCHIVE","observed","pdf_or_html_catalogue","annual_public_accounts","none","not_extracted","DGO CGE catalogue provides official account route; extraction still required."
"cge_public_accounts","2008","DGO_CGE_ARCHIVE","observed","pdf_or_html_catalogue","annual_public_accounts","none","not_extracted","DGO CGE catalogue provides official account route; extraction still required."
"cge_public_accounts","2009","DGO_CGE_ARCHIVE","observed","pdf_or_html_catalogue","annual_public_accounts","none","not_extracted","DGO CGE catalogue provides official account route; extraction still required."
"cge_public_accounts","2010","DGO_CGE_ARCHIVE","observed","pdf_or_html_catalogue","annual_public_accounts","none","not_extracted","DGO CGE catalogue provides official account route; extraction still required."
"cge_public_accounts","2011","DGO_CGE_ARCHIVE","observed","pdf_or_html_catalogue","annual_public_accounts","none","not_extracted","DGO CGE catalogue provides official account route; extraction still required."
"cge_public_accounts","2012","DGO_CGE_ARCHIVE","observed","pdf_or_html_catalogue","annual_public_accounts","none","not_extracted","DGO CGE catalogue provides official account route; extraction still required."
"cge_public_accounts","2013","DGO_CGE_ARCHIVE","observed","pdf_or_html_catalogue","annual_public_accounts","none","not_extracted","DGO CGE catalogue provides official account route; extraction still required."
"cge_public_accounts","2014","DGO_CGE_ARCHIVE","observed","pdf_or_html_catalogue","annual_public_accounts","none","not_extracted","DGO CGE catalogue provides official account route; extraction still required."
"cge_public_accounts","2015","DGO_CGE_ARCHIVE","observed","pdf_or_html_catalogue","annual_public_accounts","none","not_extracted","DGO CGE catalogue provides official account route; extraction still required."
"cge_public_accounts","2016","DGO_CGE_ARCHIVE","observed","pdf_or_html_catalogue","annual_public_accounts","none","not_extracted","DGO CGE catalogue provides official account route; extraction still required."
"cge_public_accounts","2017","DGO_CGE_ARCHIVE","observed","pdf_or_html_catalogue","annual_public_accounts","none","not_extracted","DGO CGE catalogue provides official account route; extraction still required."
"cge_public_accounts","2018","DGO_CGE_ARCHIVE","observed","pdf_or_html_catalogue","annual_public_accounts","none","not_extracted","DGO CGE catalogue provides official account route; extraction still required."
"cge_public_accounts","2019","DGO_CGE_ARCHIVE","observed","pdf_or_html_catalogue","annual_public_accounts","none","not_extracted","DGO CGE catalogue provides official account route; extraction still required."
"cge_public_accounts","2020","DGO_CGE_ARCHIVE","observed","pdf_or_html_catalogue","annual_public_accounts","none","not_extracted","DGO CGE catalogue provides official account route; extraction still required."
"cge_public_accounts","2021","DGO_CGE_ARCHIVE","observed","pdf_or_html_catalogue","annual_public_accounts","none","not_extracted","DGO CGE catalogue provides official account route; extraction still required."
"cge_public_accounts","2022","DGO_CGE_ARCHIVE","observed","pdf_or_html_catalogue","annual_public_accounts","none","not_extracted","DGO CGE catalogue provides official account route; extraction still required."
"cge_public_accounts","2023","DGO_CGE_ARCHIVE","observed","pdf_or_html_catalogue","annual_public_accounts","none","not_extracted","DGO CGE catalogue provides official account route; extraction still required."
"cge_public_accounts","2024","DGO_CGE_ARCHIVE","observed","pdf_or_html_catalogue","annual_public_accounts","none","not_extracted","DGO CGE catalogue provides official account route; extraction still required."
"cge_public_accounts","2025","DGO_CGE_ARCHIVE","observed","pdf_or_html_catalogue","annual_public_accounts","none","not_extracted","DGO CGE catalogue provides official account route; extraction still required."
"state_budget_documents","1977","none","unavailable","not_located","annual","none","not_assessed","Modern DGO budget archive located in this pass starts in 1996; older official budget route remains to be located."
"state_budget_documents","1978","none","unavailable","not_located","annual","none","not_assessed","Modern DGO budget archive located in this pass starts in 1996; older official budget route remains to be located."
"state_budget_documents","1979","none","unavailable","not_located","annual","none","not_assessed","Modern DGO budget archive located in this pass starts in 1996; older official budget route remains to be located."
"state_budget_documents","1980","none","unavailable","not_located","annual","none","not_assessed","Modern DGO budget archive located in this pass starts in 1996; older official budget route remains to be located."
"state_budget_documents","1981","none","unavailable","not_located","annual","none","not_assessed","Modern DGO budget archive located in this pass starts in 1996; older official budget route remains to be located."
"state_budget_documents","1982","none","unavailable","not_located","annual","none","not_assessed","Modern DGO budget archive located in this pass starts in 1996; older official budget route remains to be located."
"state_budget_documents","1983","none","unavailable","not_located","annual","none","not_assessed","Modern DGO budget archive located in this pass starts in 1996; older official budget route remains to be located."
"state_budget_documents","1984","none","unavailable","not_located","annual","none","not_assessed","Modern DGO budget archive located in this pass starts in 1996; older official budget route remains to be located."
"state_budget_documents","1985","none","unavailable","not_located","annual","none","not_assessed","Modern DGO budget archive located in this pass starts in 1996; older official budget route remains to be located."
"state_budget_documents","1986","none","unavailable","not_located","annual","none","not_assessed","Modern DGO budget archive located in this pass starts in 1996; older official budget route remains to be located."
"state_budget_documents","1987","none","unavailable","not_located","annual","none","not_assessed","Modern DGO budget archive located in this pass starts in 1996; older official budget route remains to be located."
"state_budget_documents","1988","none","unavailable","not_located","annual","none","not_assessed","Modern DGO budget archive located in this pass starts in 1996; older official budget route remains to be located."
"state_budget_documents","1989","none","unavailable","not_located","annual","none","not_assessed","Modern DGO budget archive located in this pass starts in 1996; older official budget route remains to be located."
"state_budget_documents","1990","none","unavailable","not_located","annual","none","not_assessed","Modern DGO budget archive located in this pass starts in 1996; older official budget route remains to be located."
"state_budget_documents","1991","none","unavailable","not_located","annual","none","not_assessed","Modern DGO budget archive located in this pass starts in 1996; older official budget route remains to be located."
"state_budget_documents","1992","none","unavailable","not_located","annual","none","not_assessed","Modern DGO budget archive located in this pass starts in 1996; older official budget route remains to be located."
"state_budget_documents","1993","none","unavailable","not_located","annual","none","not_assessed","Modern DGO budget archive located in this pass starts in 1996; older official budget route remains to be located."
"state_budget_documents","1994","none","unavailable","not_located","annual","none","not_assessed","Modern DGO budget archive located in this pass starts in 1996; older official budget route remains to be located."
"state_budget_documents","1995","none","unavailable","not_located","annual","none","not_assessed","Modern DGO budget archive located in this pass starts in 1996; older official budget route remains to be located."
"state_budget_documents","1996","DGO_OE_ARCHIVE","observed","pdf_or_html_catalogue","annual_budget_documents","none","not_extracted","DGO budget archive route located for reports proposal law and maps since 1996."
"state_budget_documents","1997","DGO_OE_ARCHIVE","observed","pdf_or_html_catalogue","annual_budget_documents","none","not_extracted","DGO budget archive route located for reports proposal law and maps since 1996."
"state_budget_documents","1998","DGO_OE_ARCHIVE","observed","pdf_or_html_catalogue","annual_budget_documents","none","not_extracted","DGO budget archive route located for reports proposal law and maps since 1996."
"state_budget_documents","1999","DGO_OE_ARCHIVE","observed","pdf_or_html_catalogue","annual_budget_documents","none","not_extracted","DGO budget archive route located for reports proposal law and maps since 1996."
"state_budget_documents","2000","DGO_OE_ARCHIVE","observed","pdf_or_html_catalogue","annual_budget_documents","none","not_extracted","DGO budget archive route located for reports proposal law and maps since 1996."
"state_budget_documents","2001","DGO_OE_ARCHIVE","observed","pdf_or_html_catalogue","annual_budget_documents","none","not_extracted","DGO budget archive route located for reports proposal law and maps since 1996."
"state_budget_documents","2002","DGO_OE_ARCHIVE","observed","pdf_or_html_catalogue","annual_budget_documents","none","not_extracted","DGO budget archive route located for reports proposal law and maps since 1996."
"state_budget_documents","2003","DGO_OE_ARCHIVE","observed","pdf_or_html_catalogue","annual_budget_documents","none","not_extracted","DGO budget archive route located for reports proposal law and maps since 1996."
"state_budget_documents","2004","DGO_OE_ARCHIVE","observed","pdf_or_html_catalogue","annual_budget_documents","none","not_extracted","DGO budget archive route located for reports proposal law and maps since 1996."
"state_budget_documents","2005","DGO_OE_ARCHIVE","observed","pdf_or_html_catalogue","annual_budget_documents","none","not_extracted","DGO budget archive route located for reports proposal law and maps since 1996."
"state_budget_documents","2006","DGO_OE_ARCHIVE","observed","pdf_or_html_catalogue","annual_budget_documents","none","not_extracted","DGO budget archive route located for reports proposal law and maps since 1996."
"state_budget_documents","2007","DGO_OE_ARCHIVE","observed","pdf_or_html_catalogue","annual_budget_documents","none","not_extracted","DGO budget archive route located for reports proposal law and maps since 1996."
"state_budget_documents","2008","DGO_OE_ARCHIVE","observed","pdf_or_html_catalogue","annual_budget_documents","none","not_extracted","DGO budget archive route located for reports proposal law and maps since 1996."
"state_budget_documents","2009","DGO_OE_ARCHIVE","observed","pdf_or_html_catalogue","annual_budget_documents","none","not_extracted","DGO budget archive route located for reports proposal law and maps since 1996."
"state_budget_documents","2010","DGO_OE_ARCHIVE","observed","pdf_or_html_catalogue","annual_budget_documents","none","not_extracted","DGO budget archive route located for reports proposal law and maps since 1996."
"state_budget_documents","2011","DGO_OE_ARCHIVE","observed","pdf_or_html_catalogue","annual_budget_documents","none","not_extracted","DGO budget archive route located for reports proposal law and maps since 1996."
"state_budget_documents","2012","DGO_OE_ARCHIVE","observed","pdf_or_html_catalogue","annual_budget_documents","none","not_extracted","DGO budget archive route located for reports proposal law and maps since 1996."
"state_budget_documents","2013","DGO_OE_ARCHIVE","observed","pdf_or_html_catalogue","annual_budget_documents","none","not_extracted","DGO budget archive route located for reports proposal law and maps since 1996."
"state_budget_documents","2014","DGO_OE_ARCHIVE","observed","pdf_or_html_catalogue","annual_budget_documents","none","not_extracted","DGO budget archive route located for reports proposal law and maps since 1996."
"state_budget_documents","2015","DGO_OE_ARCHIVE","observed","pdf_or_html_catalogue","annual_budget_documents","none","not_extracted","DGO budget archive route located for reports proposal law and maps since 1996."
"state_budget_documents","2016","DGO_OE_ARCHIVE","observed","pdf_or_html_catalogue","annual_budget_documents","none","not_extracted","DGO budget archive route located for reports proposal law and maps since 1996."
"state_budget_documents","2017","DGO_OE_ARCHIVE","observed","pdf_or_html_catalogue","annual_budget_documents","none","not_extracted","DGO budget archive route located for reports proposal law and maps since 1996."
"state_budget_documents","2018","DGO_OE_ARCHIVE","observed","pdf_or_html_catalogue","annual_budget_documents","none","not_extracted","DGO budget archive route located for reports proposal law and maps since 1996."
"state_budget_documents","2019","DGO_OE_ARCHIVE","observed","pdf_or_html_catalogue","annual_budget_documents","none","not_extracted","DGO budget archive route located for reports proposal law and maps since 1996."
"state_budget_documents","2020","DGO_OE_ARCHIVE","observed","pdf_or_html_catalogue","annual_budget_documents","none","not_extracted","DGO budget archive route located for reports proposal law and maps since 1996."
"state_budget_documents","2021","DGO_OE_ARCHIVE","observed","pdf_or_html_catalogue","annual_budget_documents","none","not_extracted","DGO budget archive route located for reports proposal law and maps since 1996."
"state_budget_documents","2022","DGO_OE_ARCHIVE","observed","pdf_or_html_catalogue","annual_budget_documents","none","not_extracted","DGO budget archive route located for reports proposal law and maps since 1996."
"state_budget_documents","2023","DGO_OE_ARCHIVE","observed","pdf_or_html_catalogue","annual_budget_documents","none","not_extracted","DGO budget archive route located for reports proposal law and maps since 1996."
"state_budget_documents","2024","DGO_OE_ARCHIVE","observed","pdf_or_html_catalogue","annual_budget_documents","none","not_extracted","DGO budget archive route located for reports proposal law and maps since 1996."
"state_budget_documents","2025","DGO_OE_ARCHIVE","observed","pdf_or_html_catalogue","annual_budget_documents","none","not_extracted","DGO budget archive route located for reports proposal law and maps since 1996."
"cga_reports_accounts","1977","none","unavailable","not_located","annual","none","not_assessed","No official CGA annual account file located in bounded pass for this year."
"cga_reports_accounts","1978","none","unavailable","not_located","annual","none","not_assessed","No official CGA annual account file located in bounded pass for this year."
"cga_reports_accounts","1979","none","unavailable","not_located","annual","none","not_assessed","No official CGA annual account file located in bounded pass for this year."
"cga_reports_accounts","1980","none","unavailable","not_located","annual","none","not_assessed","No official CGA annual account file located in bounded pass for this year."
"cga_reports_accounts","1981","none","unavailable","not_located","annual","none","not_assessed","No official CGA annual account file located in bounded pass for this year."
"cga_reports_accounts","1982","none","unavailable","not_located","annual","none","not_assessed","No official CGA annual account file located in bounded pass for this year."
"cga_reports_accounts","1983","none","unavailable","not_located","annual","none","not_assessed","No official CGA annual account file located in bounded pass for this year."
"cga_reports_accounts","1984","none","unavailable","not_located","annual","none","not_assessed","No official CGA annual account file located in bounded pass for this year."
"cga_reports_accounts","1985","none","unavailable","not_located","annual","none","not_assessed","No official CGA annual account file located in bounded pass for this year."
"cga_reports_accounts","1986","none","unavailable","not_located","annual","none","not_assessed","No official CGA annual account file located in bounded pass for this year."
"cga_reports_accounts","1987","none","unavailable","not_located","annual","none","not_assessed","No official CGA annual account file located in bounded pass for this year."
"cga_reports_accounts","1988","none","unavailable","not_located","annual","none","not_assessed","No official CGA annual account file located in bounded pass for this year."
"cga_reports_accounts","1989","none","unavailable","not_located","annual","none","not_assessed","No official CGA annual account file located in bounded pass for this year."
"cga_reports_accounts","1990","none","unavailable","not_located","annual","none","not_assessed","No official CGA annual account file located in bounded pass for this year."
"cga_reports_accounts","1991","none","unavailable","not_located","annual","none","not_assessed","No official CGA annual account file located in bounded pass for this year."
"cga_reports_accounts","1992","none","unavailable","not_located","annual","none","not_assessed","No official CGA annual account file located in bounded pass for this year."
"cga_reports_accounts","1993","none","unavailable","not_located","annual","none","not_assessed","No official CGA annual account file located in bounded pass for this year."
"cga_reports_accounts","1994","none","unavailable","not_located","annual","none","not_assessed","No official CGA annual account file located in bounded pass for this year."
"cga_reports_accounts","1995","none","unavailable","not_located","annual","none","not_assessed","No official CGA annual account file located in bounded pass for this year."
"cga_reports_accounts","1996","none","unavailable","not_located","annual","none","not_assessed","No official CGA annual account file located in bounded pass for this year."
"cga_reports_accounts","1997","none","unavailable","not_located","annual","none","not_assessed","No official CGA annual account file located in bounded pass for this year."
"cga_reports_accounts","1998","none","unavailable","not_located","annual","none","not_assessed","No official CGA annual account file located in bounded pass for this year."
"cga_reports_accounts","1999","none","unavailable","not_located","annual","none","not_assessed","No official CGA annual account file located in bounded pass for this year."
"cga_reports_accounts","2000","none","unavailable","not_located","annual","none","not_assessed","No official CGA annual account file located in bounded pass for this year."
"cga_reports_accounts","2001","none","unavailable","not_located","annual","none","not_assessed","No official CGA annual account file located in bounded pass for this year."
"cga_reports_accounts","2002","CGA_ANNUAL_REPORTS_ARCHIVE","observed","pdf_catalogue","annual_cga_accounts","none","not_extracted","CGA annual report and accounts archive route located; year-level files still need acquisition and hashing."
"cga_reports_accounts","2003","CGA_ANNUAL_REPORTS_ARCHIVE","observed","pdf_catalogue","annual_cga_accounts","none","not_extracted","CGA annual report and accounts archive route located; year-level files still need acquisition and hashing."
"cga_reports_accounts","2004","CGA_ANNUAL_REPORTS_ARCHIVE","observed","pdf_catalogue","annual_cga_accounts","none","not_extracted","CGA annual report and accounts archive route located; year-level files still need acquisition and hashing."
"cga_reports_accounts","2005","CGA_ANNUAL_REPORTS_ARCHIVE","observed","pdf_catalogue","annual_cga_accounts","none","not_extracted","CGA annual report and accounts archive route located; year-level files still need acquisition and hashing."
"cga_reports_accounts","2006","CGA_ANNUAL_REPORTS_ARCHIVE","observed","pdf_catalogue","annual_cga_accounts","none","not_extracted","CGA annual report and accounts archive route located; year-level files still need acquisition and hashing."
"cga_reports_accounts","2007","CGA_ANNUAL_REPORTS_ARCHIVE","observed","pdf_catalogue","annual_cga_accounts","none","not_extracted","CGA annual report and accounts archive route located; year-level files still need acquisition and hashing."
"cga_reports_accounts","2008","CGA_ANNUAL_REPORTS_ARCHIVE","observed","pdf_catalogue","annual_cga_accounts","none","not_extracted","CGA annual report and accounts archive route located; year-level files still need acquisition and hashing."
"cga_reports_accounts","2009","CGA_ANNUAL_REPORTS_ARCHIVE","observed","pdf_catalogue","annual_cga_accounts","none","not_extracted","CGA annual report and accounts archive route located; year-level files still need acquisition and hashing."
"cga_reports_accounts","2010","CGA_ANNUAL_REPORTS_ARCHIVE","observed","pdf_catalogue","annual_cga_accounts","none","not_extracted","CGA annual report and accounts archive route located; year-level files still need acquisition and hashing."
"cga_reports_accounts","2011","DGO_CGE_2011;CGA_REPORT_2011","observed","pdf_acquired","annual_cga_accounts","none","partial_extraction","CGA 2011 report and accounts PDF acquired and hashed; selected financial-account values extracted and combined with existing CGE balance fields, full component bridge remains incomplete."
"cga_reports_accounts","2012","CGA_REPORT_2012","observed","pdf_acquired","annual_cga_accounts","none","partial_extraction","CGA 2012 report and accounts PDF acquired and hashed; selected financial-account values extracted, full component bridge remains incomplete."
"cga_reports_accounts","2013","CGA_REPORT_2013","observed","pdf_acquired","annual_cga_accounts","none","partial_extraction","CGA 2013 report and accounts PDF acquired and hashed; selected financial-account values extracted, full component bridge remains incomplete."
"cga_reports_accounts","2014","CGA_REPORT_2014","observed","pdf_acquired","annual_cga_accounts","none","partial_extraction","CGA 2014 report and accounts PDF acquired and hashed; selected financial-account values extracted, full component bridge remains incomplete."
"cga_reports_accounts","2015","CGA_REPORT_2015","observed","pdf_acquired","annual_cga_accounts","none","partial_extraction","CGA 2015 report and accounts PDF acquired and hashed; selected financial-account values extracted, full component bridge remains incomplete."
"cga_reports_accounts","2016","CGA_REPORT_2016","observed","pdf_acquired","annual_cga_accounts","none","partial_extraction","CGA 2016 report and accounts PDF acquired and hashed; selected financial-account values extracted, full component bridge remains incomplete."
"cga_reports_accounts","2017","CGA_REPORT_2017","observed","pdf_acquired","annual_cga_accounts","none","partial_extraction","CGA 2017 report and accounts PDF acquired and hashed; selected financial-account values extracted, full component bridge remains incomplete."
"cga_reports_accounts","2018","CGA_REPORT_2018","observed","pdf_acquired","annual_cga_accounts","none","partial_extraction","CGA 2018 report and accounts PDF acquired and hashed; selected financial-account values extracted, full component bridge remains incomplete."
"cga_reports_accounts","2019","CGA_REPORT_2019","observed","pdf_acquired","annual_cga_accounts","none","partial_extraction","CGA 2019 report and accounts PDF acquired and hashed; selected financial-account values extracted, full component bridge remains incomplete."
"cga_reports_accounts","2020","CGA_REPORT_2020","observed","pdf_acquired","annual_cga_accounts","none","partial_extraction","CGA 2020 report and accounts PDF acquired and hashed; selected financial-account values extracted, full component bridge remains incomplete."
"cga_reports_accounts","2021","CGA_REPORT_2021","observed","pdf_acquired","annual_cga_accounts","none","partial_extraction","CGA 2021 report and accounts PDF acquired and hashed; selected financial-account values extracted, full component bridge remains incomplete."
"cga_reports_accounts","2022","CGA_REPORT_2022","observed","pdf_acquired","annual_cga_accounts","none","partial_extraction","CGA 2022 report and accounts PDF acquired and hashed; selected financial-account values extracted, full component bridge remains incomplete."
"cga_reports_accounts","2023","CGA_REPORT_2023","observed","pdf_acquired","annual_cga_accounts","none","partial_extraction","CGA 2023 report and accounts PDF acquired and hashed; selected financial-account values extracted, full component bridge remains incomplete."
"cga_reports_accounts","2024","CGA_REPORT_2024","observed","pdf_acquired","annual_cga_accounts","none","partial_extraction","CGA 2024 report and accounts PDF acquired and hashed; selected financial-account values extracted, full component bridge remains incomplete."
"cga_reports_accounts","2025","none","unavailable","not_located","annual","none","not_assessed","No official CGA annual account file located in bounded pass for this year."
"cga_subscriber_pensioner_counts","1977","none","unavailable","not_located","annual","none","not_assessed","No official CGA statistical report file located in bounded pass for this year."
"cga_subscriber_pensioner_counts","1978","none","unavailable","not_located","annual","none","not_assessed","No official CGA statistical report file located in bounded pass for this year."
"cga_subscriber_pensioner_counts","1979","none","unavailable","not_located","annual","none","not_assessed","No official CGA statistical report file located in bounded pass for this year."
"cga_subscriber_pensioner_counts","1980","none","unavailable","not_located","annual","none","not_assessed","No official CGA statistical report file located in bounded pass for this year."
"cga_subscriber_pensioner_counts","1981","none","unavailable","not_located","annual","none","not_assessed","No official CGA statistical report file located in bounded pass for this year."
"cga_subscriber_pensioner_counts","1982","none","unavailable","not_located","annual","none","not_assessed","No official CGA statistical report file located in bounded pass for this year."
"cga_subscriber_pensioner_counts","1983","none","unavailable","not_located","annual","none","not_assessed","No official CGA statistical report file located in bounded pass for this year."
"cga_subscriber_pensioner_counts","1984","none","unavailable","not_located","annual","none","not_assessed","No official CGA statistical report file located in bounded pass for this year."
"cga_subscriber_pensioner_counts","1985","none","unavailable","not_located","annual","none","not_assessed","No official CGA statistical report file located in bounded pass for this year."
"cga_subscriber_pensioner_counts","1986","none","unavailable","not_located","annual","none","not_assessed","No official CGA statistical report file located in bounded pass for this year."
"cga_subscriber_pensioner_counts","1987","none","unavailable","not_located","annual","none","not_assessed","No official CGA statistical report file located in bounded pass for this year."
"cga_subscriber_pensioner_counts","1988","none","unavailable","not_located","annual","none","not_assessed","No official CGA statistical report file located in bounded pass for this year."
"cga_subscriber_pensioner_counts","1989","none","unavailable","not_located","annual","none","not_assessed","No official CGA statistical report file located in bounded pass for this year."
"cga_subscriber_pensioner_counts","1990","none","unavailable","not_located","annual","none","not_assessed","No official CGA statistical report file located in bounded pass for this year."
"cga_subscriber_pensioner_counts","1991","none","unavailable","not_located","annual","none","not_assessed","No official CGA statistical report file located in bounded pass for this year."
"cga_subscriber_pensioner_counts","1992","none","unavailable","not_located","annual","none","not_assessed","No official CGA statistical report file located in bounded pass for this year."
"cga_subscriber_pensioner_counts","1993","none","unavailable","not_located","annual","none","not_assessed","No official CGA statistical report file located in bounded pass for this year."
"cga_subscriber_pensioner_counts","1994","none","unavailable","not_located","annual","none","not_assessed","No official CGA statistical report file located in bounded pass for this year."
"cga_subscriber_pensioner_counts","1995","none","unavailable","not_located","annual","none","not_assessed","No official CGA statistical report file located in bounded pass for this year."
"cga_subscriber_pensioner_counts","1996","none","unavailable","not_located","annual","none","not_assessed","No official CGA statistical report file located in bounded pass for this year."
"cga_subscriber_pensioner_counts","1997","none","unavailable","not_located","annual","none","not_assessed","No official CGA statistical report file located in bounded pass for this year."
"cga_subscriber_pensioner_counts","1998","none","unavailable","not_located","annual","none","not_assessed","No official CGA statistical report file located in bounded pass for this year."
"cga_subscriber_pensioner_counts","1999","none","unavailable","not_located","annual","none","not_assessed","No official CGA statistical report file located in bounded pass for this year."
"cga_subscriber_pensioner_counts","2000","none","unavailable","not_located","annual","none","not_assessed","No official CGA statistical report file located in bounded pass for this year."
"cga_subscriber_pensioner_counts","2001","none","unavailable","not_located","annual","none","not_assessed","No official CGA statistical report file located in bounded pass for this year."
"cga_subscriber_pensioner_counts","2002","CGA_ANNUAL_REPORTS_ARCHIVE","observed","pdf_catalogue","annual_cga_statistics","none","not_extracted","CGA report route includes statistical information on users; extraction still required."
"cga_subscriber_pensioner_counts","2003","CGA_ANNUAL_REPORTS_ARCHIVE","observed","pdf_catalogue","annual_cga_statistics","none","not_extracted","CGA report route includes statistical information on users; extraction still required."
"cga_subscriber_pensioner_counts","2004","CGA_ANNUAL_REPORTS_ARCHIVE","observed","pdf_catalogue","annual_cga_statistics","none","not_extracted","CGA report route includes statistical information on users; extraction still required."
"cga_subscriber_pensioner_counts","2005","CGA_ANNUAL_REPORTS_ARCHIVE","observed","pdf_catalogue","annual_cga_statistics","none","not_extracted","CGA report route includes statistical information on users; extraction still required."
"cga_subscriber_pensioner_counts","2006","CGA_ANNUAL_REPORTS_ARCHIVE","observed","pdf_catalogue","annual_cga_statistics","none","not_extracted","CGA report route includes statistical information on users; extraction still required."
"cga_subscriber_pensioner_counts","2007","CGA_ANNUAL_REPORTS_ARCHIVE","observed","pdf_catalogue","annual_cga_statistics","none","not_extracted","CGA report route includes statistical information on users; extraction still required."
"cga_subscriber_pensioner_counts","2008","CGA_ANNUAL_REPORTS_ARCHIVE","observed","pdf_catalogue","annual_cga_statistics","none","not_extracted","CGA report route includes statistical information on users; extraction still required."
"cga_subscriber_pensioner_counts","2009","CGA_ANNUAL_REPORTS_ARCHIVE","observed","pdf_catalogue","annual_cga_statistics","none","not_extracted","CGA report route includes statistical information on users; extraction still required."
"cga_subscriber_pensioner_counts","2010","CGA_ANNUAL_REPORTS_ARCHIVE","observed","pdf_catalogue","annual_cga_statistics","none","not_extracted","CGA report route includes statistical information on users; extraction still required."
"cga_subscriber_pensioner_counts","2011","CGA_REPORT_2011","observed","pdf_acquired","annual_cga_statistics","none","partial_extraction","CGA 2011 subscribers and aposentados/reformados extracted from Quadro 8."
"cga_subscriber_pensioner_counts","2012","CGA_REPORT_2012","observed","pdf_acquired","annual_cga_statistics","none","partial_extraction","CGA 2012 report and accounts PDF acquired and hashed; subscriber and aposentado/reformado counts extracted from Quadro 8."
"cga_subscriber_pensioner_counts","2013","CGA_REPORT_2013","observed","pdf_acquired","annual_cga_statistics","none","partial_extraction","CGA 2013 report and accounts PDF acquired and hashed; subscriber and aposentado/reformado counts extracted from Quadro 7."
"cga_subscriber_pensioner_counts","2014","CGA_REPORT_2014","observed","pdf_acquired","annual_cga_statistics","none","partial_extraction","CGA 2014 report and accounts PDF acquired and hashed; subscriber and aposentado/reformado counts extracted from Quadro 7."
"cga_subscriber_pensioner_counts","2015","CGA_REPORT_2015","observed","pdf_acquired","annual_cga_statistics","none","partial_extraction","CGA 2015 report and accounts PDF acquired and hashed; subscriber and aposentado/reformado counts extracted from Quadro 7."
"cga_subscriber_pensioner_counts","2016","CGA_REPORT_2016","observed","pdf_acquired","annual_cga_statistics","none","partial_extraction","CGA 2016 report and accounts PDF acquired and hashed; subscriber and aposentado/reformado counts extracted from Quadro 7."
"cga_subscriber_pensioner_counts","2017","CGA_REPORT_2017","observed","pdf_acquired","annual_cga_statistics","none","partial_extraction","CGA 2017 report and accounts PDF acquired and hashed; subscriber and aposentado/reformado counts extracted from Quadro 7."
"cga_subscriber_pensioner_counts","2018","CGA_REPORT_2018","observed","pdf_acquired","annual_cga_statistics","none","partial_extraction","CGA 2018 report and accounts PDF acquired and hashed; subscriber and aposentado/reformado counts extracted from Quadro 7."
"cga_subscriber_pensioner_counts","2019","CGA_REPORT_2019","observed","pdf_acquired","annual_cga_statistics","none","partial_extraction","CGA 2019 report and accounts PDF acquired and hashed; subscriber and aposentado/reformado counts extracted from Quadro 7."
"cga_subscriber_pensioner_counts","2020","CGA_REPORT_2020","observed","pdf_acquired","annual_cga_statistics","none","partial_extraction","CGA 2020 report and accounts PDF acquired and hashed; subscriber and aposentado/reformado counts extracted from Quadro 7."
"cga_subscriber_pensioner_counts","2021","CGA_REPORT_2021","observed","pdf_acquired","annual_cga_statistics","none","partial_extraction","CGA 2021 report and accounts PDF acquired and hashed; subscriber and aposentado/reformado counts extracted from Quadro 7."
"cga_subscriber_pensioner_counts","2022","CGA_REPORT_2022","observed","pdf_acquired","annual_cga_statistics","none","partial_extraction","CGA 2022 report and accounts PDF acquired and hashed; subscriber and aposentado/reformado counts extracted from Quadro 7."
"cga_subscriber_pensioner_counts","2023","CGA_REPORT_2023","observed","pdf_acquired","annual_cga_statistics","none","partial_extraction","CGA 2023 report and accounts PDF acquired and hashed; subscriber and aposentado/reformado counts extracted from Quadro 7."
"cga_subscriber_pensioner_counts","2024","CGA_REPORT_2024","observed","pdf_acquired","annual_cga_statistics","none","partial_extraction","CGA 2024 report and accounts PDF acquired and hashed; subscriber and aposentado/reformado counts extracted from Quadro 7."
"cga_subscriber_pensioner_counts","2025","none","unavailable","not_located","annual","none","not_assessed","No official CGA statistical report file located in bounded pass for this year."
"cga_employee_employer_revenue_split","1977","none","unavailable","not_located","annual","none","not_assessed","No official CGA revenue-split source located in bounded pass for this year."
"cga_employee_employer_revenue_split","1978","none","unavailable","not_located","annual","none","not_assessed","No official CGA revenue-split source located in bounded pass for this year."
"cga_employee_employer_revenue_split","1979","none","unavailable","not_located","annual","none","not_assessed","No official CGA revenue-split source located in bounded pass for this year."
"cga_employee_employer_revenue_split","1980","none","unavailable","not_located","annual","none","not_assessed","No official CGA revenue-split source located in bounded pass for this year."
"cga_employee_employer_revenue_split","1981","none","unavailable","not_located","annual","none","not_assessed","No official CGA revenue-split source located in bounded pass for this year."
"cga_employee_employer_revenue_split","1982","none","unavailable","not_located","annual","none","not_assessed","No official CGA revenue-split source located in bounded pass for this year."
"cga_employee_employer_revenue_split","1983","none","unavailable","not_located","annual","none","not_assessed","No official CGA revenue-split source located in bounded pass for this year."
"cga_employee_employer_revenue_split","1984","none","unavailable","not_located","annual","none","not_assessed","No official CGA revenue-split source located in bounded pass for this year."
"cga_employee_employer_revenue_split","1985","none","unavailable","not_located","annual","none","not_assessed","No official CGA revenue-split source located in bounded pass for this year."
"cga_employee_employer_revenue_split","1986","none","unavailable","not_located","annual","none","not_assessed","No official CGA revenue-split source located in bounded pass for this year."
"cga_employee_employer_revenue_split","1987","none","unavailable","not_located","annual","none","not_assessed","No official CGA revenue-split source located in bounded pass for this year."
"cga_employee_employer_revenue_split","1988","none","unavailable","not_located","annual","none","not_assessed","No official CGA revenue-split source located in bounded pass for this year."
"cga_employee_employer_revenue_split","1989","none","unavailable","not_located","annual","none","not_assessed","No official CGA revenue-split source located in bounded pass for this year."
"cga_employee_employer_revenue_split","1990","none","unavailable","not_located","annual","none","not_assessed","No official CGA revenue-split source located in bounded pass for this year."
"cga_employee_employer_revenue_split","1991","none","unavailable","not_located","annual","none","not_assessed","No official CGA revenue-split source located in bounded pass for this year."
"cga_employee_employer_revenue_split","1992","none","unavailable","not_located","annual","none","not_assessed","No official CGA revenue-split source located in bounded pass for this year."
"cga_employee_employer_revenue_split","1993","none","unavailable","not_located","annual","none","not_assessed","No official CGA revenue-split source located in bounded pass for this year."
"cga_employee_employer_revenue_split","1994","none","unavailable","not_located","annual","none","not_assessed","No official CGA revenue-split source located in bounded pass for this year."
"cga_employee_employer_revenue_split","1995","none","unavailable","not_located","annual","none","not_assessed","No official CGA revenue-split source located in bounded pass for this year."
"cga_employee_employer_revenue_split","1996","none","unavailable","not_located","annual","none","not_assessed","No official CGA revenue-split source located in bounded pass for this year."
"cga_employee_employer_revenue_split","1997","none","unavailable","not_located","annual","none","not_assessed","No official CGA revenue-split source located in bounded pass for this year."
"cga_employee_employer_revenue_split","1998","none","unavailable","not_located","annual","none","not_assessed","No official CGA revenue-split source located in bounded pass for this year."
"cga_employee_employer_revenue_split","1999","none","unavailable","not_located","annual","none","not_assessed","No official CGA revenue-split source located in bounded pass for this year."
"cga_employee_employer_revenue_split","2000","none","unavailable","not_located","annual","none","not_assessed","No official CGA revenue-split source located in bounded pass for this year."
"cga_employee_employer_revenue_split","2001","none","unavailable","not_located","annual","none","not_assessed","No official CGA revenue-split source located in bounded pass for this year."
"cga_employee_employer_revenue_split","2002","CGA_ANNUAL_REPORTS_ARCHIVE","observed","pdf_catalogue","annual_revenue_components","none","not_extracted","CGA report route located for financial-account components; employee/employer split still requires table extraction."
"cga_employee_employer_revenue_split","2003","CGA_ANNUAL_REPORTS_ARCHIVE","observed","pdf_catalogue","annual_revenue_components","none","not_extracted","CGA report route located for financial-account components; employee/employer split still requires table extraction."
"cga_employee_employer_revenue_split","2004","CGA_ANNUAL_REPORTS_ARCHIVE","observed","pdf_catalogue","annual_revenue_components","none","not_extracted","CGA report route located for financial-account components; employee/employer split still requires table extraction."
"cga_employee_employer_revenue_split","2005","CGA_ANNUAL_REPORTS_ARCHIVE","observed","pdf_catalogue","annual_revenue_components","none","not_extracted","CGA report route located for financial-account components; employee/employer split still requires table extraction."
"cga_employee_employer_revenue_split","2006","CGA_ANNUAL_REPORTS_ARCHIVE","observed","pdf_catalogue","annual_revenue_components","none","not_extracted","CGA report route located for financial-account components; employee/employer split still requires table extraction."
"cga_employee_employer_revenue_split","2007","CGA_ANNUAL_REPORTS_ARCHIVE","observed","pdf_catalogue","annual_revenue_components","none","not_extracted","CGA report route located for financial-account components; employee/employer split still requires table extraction."
"cga_employee_employer_revenue_split","2008","CGA_ANNUAL_REPORTS_ARCHIVE","observed","pdf_catalogue","annual_revenue_components","none","not_extracted","CGA report route located for financial-account components; employee/employer split still requires table extraction."
"cga_employee_employer_revenue_split","2009","CGA_ANNUAL_REPORTS_ARCHIVE","observed","pdf_catalogue","annual_revenue_components","none","not_extracted","CGA report route located for financial-account components; employee/employer split still requires table extraction."
"cga_employee_employer_revenue_split","2010","CGA_ANNUAL_REPORTS_ARCHIVE","observed","pdf_catalogue","annual_revenue_components","none","not_extracted","CGA report route located for financial-account components; employee/employer split still requires table extraction."
"cga_employee_employer_revenue_split","2011","CGA_REPORT_2011","observed","pdf_acquired","annual_revenue_components","none","partial_extraction","CGA 2011 quotas and entity contributions extracted from Quadro 24."
"cga_employee_employer_revenue_split","2012","CGA_REPORT_2012","observed","pdf_acquired","annual_revenue_components","none","partial_extraction","CGA 2012 report and accounts PDF acquired and hashed; quotas and entity contributions extracted from Quadro 24."
"cga_employee_employer_revenue_split","2013","CGA_REPORT_2013","observed","pdf_acquired","annual_revenue_components","none","partial_extraction","CGA 2013 report and accounts PDF acquired and hashed; quotas and entity contributions extracted from Quadro 23."
"cga_employee_employer_revenue_split","2014","CGA_REPORT_2014","observed","pdf_acquired","annual_revenue_components","none","partial_extraction","CGA 2014 report and accounts PDF acquired and hashed; quotas and entity contributions extracted from Quadro 23."
"cga_employee_employer_revenue_split","2015","CGA_REPORT_2015","observed","pdf_acquired","annual_revenue_components","none","partial_extraction","CGA 2015 report and accounts PDF acquired and hashed; quotas and entity contributions extracted from Quadro 23."
"cga_employee_employer_revenue_split","2016","CGA_REPORT_2016","observed","pdf_acquired","annual_revenue_components","none","partial_extraction","CGA 2016 report and accounts PDF acquired and hashed; quotas and entity contributions extracted from Quadro 23."
"cga_employee_employer_revenue_split","2017","CGA_REPORT_2017","observed","pdf_acquired","annual_revenue_components","none","partial_extraction","CGA 2017 report and accounts PDF acquired and hashed; quotas and entity contributions extracted from Quadro 23."
"cga_employee_employer_revenue_split","2018","CGA_REPORT_2018","observed","pdf_acquired","annual_revenue_components","none","partial_extraction","CGA 2018 report and accounts PDF acquired and hashed; quotas and entity contributions extracted from Quadro 23."
"cga_employee_employer_revenue_split","2019","CGA_REPORT_2019","observed","pdf_acquired","annual_revenue_components","none","partial_extraction","CGA 2019 report and accounts PDF acquired and hashed; quotas and entity contributions extracted from Quadro 23."
"cga_employee_employer_revenue_split","2020","CGA_REPORT_2020","observed","pdf_acquired","annual_revenue_components","none","partial_extraction","CGA 2020 report and accounts PDF acquired and hashed; worker quotas and employer contributions extracted from Quadro 25."
"cga_employee_employer_revenue_split","2021","CGA_REPORT_2021","observed","pdf_acquired","annual_revenue_components","none","partial_extraction","CGA 2021 report and accounts PDF acquired and hashed; worker quotas and employer contributions extracted from Quadro 25."
"cga_employee_employer_revenue_split","2022","CGA_REPORT_2022","observed","pdf_acquired","annual_revenue_components","none","partial_extraction","CGA 2022 report and accounts PDF acquired and hashed; worker quotas and employer contributions extracted from Quadro 25."
"cga_employee_employer_revenue_split","2023","CGA_REPORT_2023","observed","pdf_acquired","annual_revenue_components","none","partial_extraction","CGA 2023 report and accounts PDF acquired and hashed; worker quotas and employer contributions extracted from Quadro 26."
"cga_employee_employer_revenue_split","2024","CGA_REPORT_2024","observed","pdf_acquired","annual_revenue_components","none","partial_extraction","CGA 2024 report and accounts PDF acquired and hashed; worker quotas and employer contributions extracted from Quadro 26."
"cga_employee_employer_revenue_split","2025","none","unavailable","not_located","annual","none","not_assessed","No official CGA revenue-split source located in bounded pass for this year."
"social_security_accounts","1977","IGFSS_CSS_ARCHIVE","unavailable","portal_catalogue","annual_social_security_accounts","none","not_extracted","Official account route identified but year-level availability not verified in bounded pass."
"social_security_accounts","1978","IGFSS_CSS_ARCHIVE","unavailable","portal_catalogue","annual_social_security_accounts","none","not_extracted","Official account route identified but year-level availability not verified in bounded pass."
"social_security_accounts","1979","IGFSS_CSS_ARCHIVE","unavailable","portal_catalogue","annual_social_security_accounts","none","not_extracted","Official account route identified but year-level availability not verified in bounded pass."
"social_security_accounts","1980","IGFSS_CSS_ARCHIVE","unavailable","portal_catalogue","annual_social_security_accounts","none","not_extracted","Official account route identified but year-level availability not verified in bounded pass."
"social_security_accounts","1981","IGFSS_CSS_ARCHIVE","unavailable","portal_catalogue","annual_social_security_accounts","none","not_extracted","Official account route identified but year-level availability not verified in bounded pass."
"social_security_accounts","1982","IGFSS_CSS_ARCHIVE","unavailable","portal_catalogue","annual_social_security_accounts","none","not_extracted","Official account route identified but year-level availability not verified in bounded pass."
"social_security_accounts","1983","IGFSS_CSS_ARCHIVE","unavailable","portal_catalogue","annual_social_security_accounts","none","not_extracted","Official account route identified but year-level availability not verified in bounded pass."
"social_security_accounts","1984","IGFSS_CSS_ARCHIVE","unavailable","portal_catalogue","annual_social_security_accounts","none","not_extracted","Official account route identified but year-level availability not verified in bounded pass."
"social_security_accounts","1985","IGFSS_CSS_ARCHIVE","unavailable","portal_catalogue","annual_social_security_accounts","none","not_extracted","Official account route identified but year-level availability not verified in bounded pass."
"social_security_accounts","1986","IGFSS_CSS_ARCHIVE","unavailable","portal_catalogue","annual_social_security_accounts","none","not_extracted","Official account route identified but year-level availability not verified in bounded pass."
"social_security_accounts","1987","IGFSS_CSS_ARCHIVE","unavailable","portal_catalogue","annual_social_security_accounts","none","not_extracted","Official account route identified but year-level availability not verified in bounded pass."
"social_security_accounts","1988","IGFSS_CSS_ARCHIVE","unavailable","portal_catalogue","annual_social_security_accounts","none","not_extracted","Official account route identified but year-level availability not verified in bounded pass."
"social_security_accounts","1989","IGFSS_CSS_ARCHIVE","unavailable","portal_catalogue","annual_social_security_accounts","none","not_extracted","Official account route identified but year-level availability not verified in bounded pass."
"social_security_accounts","1990","IGFSS_CSS_ARCHIVE","unavailable","portal_catalogue","annual_social_security_accounts","none","not_extracted","Official account route identified but year-level availability not verified in bounded pass."
"social_security_accounts","1991","IGFSS_CSS_ARCHIVE","unavailable","portal_catalogue","annual_social_security_accounts","none","not_extracted","Official account route identified but year-level availability not verified in bounded pass."
"social_security_accounts","1992","IGFSS_CSS_ARCHIVE","unavailable","portal_catalogue","annual_social_security_accounts","none","not_extracted","Official account route identified but year-level availability not verified in bounded pass."
"social_security_accounts","1993","IGFSS_CSS_ARCHIVE","unavailable","portal_catalogue","annual_social_security_accounts","none","not_extracted","Official account route identified but year-level availability not verified in bounded pass."
"social_security_accounts","1994","IGFSS_CSS_ARCHIVE","unavailable","portal_catalogue","annual_social_security_accounts","none","not_extracted","Official account route identified but year-level availability not verified in bounded pass."
"social_security_accounts","1995","IGFSS_CSS_ARCHIVE","unavailable","portal_catalogue","annual_social_security_accounts","none","not_extracted","Official account route identified but year-level availability not verified in bounded pass."
"social_security_accounts","1996","IGFSS_CSS_ARCHIVE","unavailable","portal_catalogue","annual_social_security_accounts","none","not_extracted","Official account route identified but year-level availability not verified in bounded pass."
"social_security_accounts","1997","IGFSS_CSS_ARCHIVE","unavailable","portal_catalogue","annual_social_security_accounts","none","not_extracted","Official account route identified but year-level availability not verified in bounded pass."
"social_security_accounts","1998","IGFSS_CSS_ARCHIVE","unavailable","portal_catalogue","annual_social_security_accounts","none","not_extracted","Official account route identified but year-level availability not verified in bounded pass."
"social_security_accounts","1999","IGFSS_CSS_ARCHIVE","unavailable","portal_catalogue","annual_social_security_accounts","none","not_extracted","Official account route identified but year-level availability not verified in bounded pass."
"social_security_accounts","2000","IGFSS_CSS_ARCHIVE","unavailable","portal_catalogue","annual_social_security_accounts","none","not_extracted","Official account route identified but year-level availability not verified in bounded pass."
"social_security_accounts","2001","IGFSS_CSS_ARCHIVE","unavailable","portal_catalogue","annual_social_security_accounts","none","not_extracted","Official account route identified but year-level availability not verified in bounded pass."
"social_security_accounts","2002","IGFSS_CSS_ARCHIVE","unavailable","portal_catalogue","annual_social_security_accounts","none","not_extracted","Official account route identified but year-level availability not verified in bounded pass."
"social_security_accounts","2003","IGFSS_CSS_ARCHIVE","unavailable","portal_catalogue","annual_social_security_accounts","none","not_extracted","Official account route identified but year-level availability not verified in bounded pass."
"social_security_accounts","2004","IGFSS_CSS_ARCHIVE","unavailable","portal_catalogue","annual_social_security_accounts","none","not_extracted","Official account route identified but year-level availability not verified in bounded pass."
"social_security_accounts","2005","IGFSS_CSS_ARCHIVE","unavailable","portal_catalogue","annual_social_security_accounts","none","not_extracted","Official account route identified but year-level availability not verified in bounded pass."
"social_security_accounts","2006","IGFSS_CSS_ARCHIVE","unavailable","portal_catalogue","annual_social_security_accounts","none","not_extracted","Official account route identified but year-level availability not verified in bounded pass."
"social_security_accounts","2007","IGFSS_CSS_ARCHIVE","unavailable","portal_catalogue","annual_social_security_accounts","none","not_extracted","Official account route identified but year-level availability not verified in bounded pass."
"social_security_accounts","2008","IGFSS_CSS_ARCHIVE","unavailable","portal_catalogue","annual_social_security_accounts","none","not_extracted","Official account route identified but year-level availability not verified in bounded pass."
"social_security_accounts","2009","IGFSS_CSS_ARCHIVE","unavailable","portal_catalogue","annual_social_security_accounts","none","not_extracted","Official account route identified but year-level availability not verified in bounded pass."
"social_security_accounts","2010","IGFSS_CSS_ARCHIVE","unavailable","portal_catalogue","annual_social_security_accounts","none","not_extracted","Official account route identified but year-level availability not verified in bounded pass."
"social_security_accounts","2011","IGFSS_CSS_ARCHIVE","unavailable","portal_catalogue","annual_social_security_accounts","none","not_extracted","Official account route identified but year-level availability not verified in bounded pass."
"social_security_accounts","2012","TC_AEO_2013_SS_2012;IGFSS_CSS_ARCHIVE","observed","pdf_acquired_and_portal_catalogue","annual_social_security_accounts","none","not_extracted","Official audit report and Social Security account route located for 2012."
"social_security_accounts","2013","IGFSS_CSS_ARCHIVE","unavailable","portal_catalogue","annual_social_security_accounts","none","not_extracted","Official account route identified but year-level availability not verified in bounded pass."
"social_security_accounts","2014","IGFSS_CSS_ARCHIVE","unavailable","portal_catalogue","annual_social_security_accounts","none","not_extracted","Official account route identified but year-level availability not verified in bounded pass."
"social_security_accounts","2015","IGFSS_CSS_ARCHIVE","unavailable","portal_catalogue","annual_social_security_accounts","none","not_extracted","Official account route identified but year-level availability not verified in bounded pass."
"social_security_accounts","2016","IGFSS_CSS_ARCHIVE","unavailable","portal_catalogue","annual_social_security_accounts","none","not_extracted","Official account route identified but year-level availability not verified in bounded pass."
"social_security_accounts","2017","IGFSS_CSS_ARCHIVE","unavailable","portal_catalogue","annual_social_security_accounts","none","not_extracted","Official account route identified but year-level availability not verified in bounded pass."
"social_security_accounts","2018","IGFSS_CSS_ARCHIVE","unavailable","portal_catalogue","annual_social_security_accounts","none","not_extracted","Official account route identified but year-level availability not verified in bounded pass."
"social_security_accounts","2019","IGFSS_CSS_ARCHIVE","unavailable","portal_catalogue","annual_social_security_accounts","none","not_extracted","Official account route identified but year-level availability not verified in bounded pass."
"social_security_accounts","2020","IGFSS_CSS_ARCHIVE","unavailable","portal_catalogue","annual_social_security_accounts","none","not_extracted","Official account route identified but year-level availability not verified in bounded pass."
"social_security_accounts","2021","IGFSS_CSS_ARCHIVE","unavailable","portal_catalogue","annual_social_security_accounts","none","not_extracted","Official account route identified but year-level availability not verified in bounded pass."
"social_security_accounts","2022","IGFSS_CSS_ARCHIVE","unavailable","portal_catalogue","annual_social_security_accounts","none","not_extracted","Official account route identified but year-level availability not verified in bounded pass."
"social_security_accounts","2023","IGFSS_CSS_ARCHIVE","unavailable","portal_catalogue","annual_social_security_accounts","none","not_extracted","Official account route identified but year-level availability not verified in bounded pass."
"social_security_accounts","2024","IGFSS_CSS_ARCHIVE;TC_PCGE_2024","observed","portal_catalogue_and_audit","annual_social_security_accounts","none","not_extracted","Modern Social Security account route and TC current-account audit route located."
"social_security_accounts","2025","IGFSS_CSS_ARCHIVE","unavailable","portal_catalogue","annual_social_security_accounts","none","not_extracted","Official account route identified but year-level availability not verified in bounded pass."
"public_employment_counts","1977","INE_HISTORICAL_PUBLICATIONS","unavailable","historical_publication_catalogue","annual_or_publication","none","not_extracted","Pre-SIEP public-employment series not located as a harmonized official annual source in this pass."
"public_employment_counts","1978","INE_HISTORICAL_PUBLICATIONS","unavailable","historical_publication_catalogue","annual_or_publication","none","not_extracted","Pre-SIEP public-employment series not located as a harmonized official annual source in this pass."
"public_employment_counts","1979","INE_HISTORICAL_PUBLICATIONS","unavailable","historical_publication_catalogue","annual_or_publication","none","not_extracted","Pre-SIEP public-employment series not located as a harmonized official annual source in this pass."
"public_employment_counts","1980","INE_HISTORICAL_PUBLICATIONS","unavailable","historical_publication_catalogue","annual_or_publication","none","not_extracted","Pre-SIEP public-employment series not located as a harmonized official annual source in this pass."
"public_employment_counts","1981","INE_HISTORICAL_PUBLICATIONS","unavailable","historical_publication_catalogue","annual_or_publication","none","not_extracted","Pre-SIEP public-employment series not located as a harmonized official annual source in this pass."
"public_employment_counts","1982","INE_HISTORICAL_PUBLICATIONS","unavailable","historical_publication_catalogue","annual_or_publication","none","not_extracted","Pre-SIEP public-employment series not located as a harmonized official annual source in this pass."
"public_employment_counts","1983","INE_HISTORICAL_PUBLICATIONS","unavailable","historical_publication_catalogue","annual_or_publication","none","not_extracted","Pre-SIEP public-employment series not located as a harmonized official annual source in this pass."
"public_employment_counts","1984","INE_HISTORICAL_PUBLICATIONS","unavailable","historical_publication_catalogue","annual_or_publication","none","not_extracted","Pre-SIEP public-employment series not located as a harmonized official annual source in this pass."
"public_employment_counts","1985","INE_HISTORICAL_PUBLICATIONS","unavailable","historical_publication_catalogue","annual_or_publication","none","not_extracted","Pre-SIEP public-employment series not located as a harmonized official annual source in this pass."
"public_employment_counts","1986","INE_HISTORICAL_PUBLICATIONS","unavailable","historical_publication_catalogue","annual_or_publication","none","not_extracted","Pre-SIEP public-employment series not located as a harmonized official annual source in this pass."
"public_employment_counts","1987","INE_HISTORICAL_PUBLICATIONS","unavailable","historical_publication_catalogue","annual_or_publication","none","not_extracted","Pre-SIEP public-employment series not located as a harmonized official annual source in this pass."
"public_employment_counts","1988","INE_HISTORICAL_PUBLICATIONS","unavailable","historical_publication_catalogue","annual_or_publication","none","not_extracted","Pre-SIEP public-employment series not located as a harmonized official annual source in this pass."
"public_employment_counts","1989","INE_HISTORICAL_PUBLICATIONS","unavailable","historical_publication_catalogue","annual_or_publication","none","not_extracted","Pre-SIEP public-employment series not located as a harmonized official annual source in this pass."
"public_employment_counts","1990","INE_HISTORICAL_PUBLICATIONS","unavailable","historical_publication_catalogue","annual_or_publication","none","not_extracted","Pre-SIEP public-employment series not located as a harmonized official annual source in this pass."
"public_employment_counts","1991","INE_HISTORICAL_PUBLICATIONS","unavailable","historical_publication_catalogue","annual_or_publication","none","not_extracted","Pre-SIEP public-employment series not located as a harmonized official annual source in this pass."
"public_employment_counts","1992","INE_HISTORICAL_PUBLICATIONS","unavailable","historical_publication_catalogue","annual_or_publication","none","not_extracted","Pre-SIEP public-employment series not located as a harmonized official annual source in this pass."
"public_employment_counts","1993","INE_HISTORICAL_PUBLICATIONS","unavailable","historical_publication_catalogue","annual_or_publication","none","not_extracted","Pre-SIEP public-employment series not located as a harmonized official annual source in this pass."
"public_employment_counts","1994","INE_HISTORICAL_PUBLICATIONS","unavailable","historical_publication_catalogue","annual_or_publication","none","not_extracted","Pre-SIEP public-employment series not located as a harmonized official annual source in this pass."
"public_employment_counts","1995","INE_HISTORICAL_PUBLICATIONS","unavailable","historical_publication_catalogue","annual_or_publication","none","not_extracted","Pre-SIEP public-employment series not located as a harmonized official annual source in this pass."
"public_employment_counts","1996","INE_HISTORICAL_PUBLICATIONS","unavailable","historical_publication_catalogue","annual_or_publication","none","not_extracted","Pre-SIEP public-employment series not located as a harmonized official annual source in this pass."
"public_employment_counts","1997","INE_HISTORICAL_PUBLICATIONS","unavailable","historical_publication_catalogue","annual_or_publication","none","not_extracted","Pre-SIEP public-employment series not located as a harmonized official annual source in this pass."
"public_employment_counts","1998","INE_HISTORICAL_PUBLICATIONS","unavailable","historical_publication_catalogue","annual_or_publication","none","not_extracted","Pre-SIEP public-employment series not located as a harmonized official annual source in this pass."
"public_employment_counts","1999","INE_HISTORICAL_PUBLICATIONS","unavailable","historical_publication_catalogue","annual_or_publication","none","not_extracted","Pre-SIEP public-employment series not located as a harmonized official annual source in this pass."
"public_employment_counts","2000","INE_HISTORICAL_PUBLICATIONS","unavailable","historical_publication_catalogue","annual_or_publication","none","not_extracted","Pre-SIEP public-employment series not located as a harmonized official annual source in this pass."
"public_employment_counts","2001","INE_HISTORICAL_PUBLICATIONS","unavailable","historical_publication_catalogue","annual_or_publication","none","not_extracted","Pre-SIEP public-employment series not located as a harmonized official annual source in this pass."
"public_employment_counts","2002","INE_HISTORICAL_PUBLICATIONS","unavailable","historical_publication_catalogue","annual_or_publication","none","not_extracted","Pre-SIEP public-employment series not located as a harmonized official annual source in this pass."
"public_employment_counts","2003","INE_HISTORICAL_PUBLICATIONS","unavailable","historical_publication_catalogue","annual_or_publication","none","not_extracted","Pre-SIEP public-employment series not located as a harmonized official annual source in this pass."
"public_employment_counts","2004","INE_HISTORICAL_PUBLICATIONS","unavailable","historical_publication_catalogue","annual_or_publication","none","not_extracted","Pre-SIEP public-employment series not located as a harmonized official annual source in this pass."
"public_employment_counts","2005","INE_HISTORICAL_PUBLICATIONS","unavailable","historical_publication_catalogue","annual_or_publication","none","not_extracted","Pre-SIEP public-employment series not located as a harmonized official annual source in this pass."
"public_employment_counts","2006","INE_HISTORICAL_PUBLICATIONS","unavailable","historical_publication_catalogue","annual_or_publication","none","not_extracted","Pre-SIEP public-employment series not located as a harmonized official annual source in this pass."
"public_employment_counts","2007","INE_HISTORICAL_PUBLICATIONS","unavailable","historical_publication_catalogue","annual_or_publication","none","not_extracted","Pre-SIEP public-employment series not located as a harmonized official annual source in this pass."
"public_employment_counts","2008","INE_HISTORICAL_PUBLICATIONS","unavailable","historical_publication_catalogue","annual_or_publication","none","not_extracted","Pre-SIEP public-employment series not located as a harmonized official annual source in this pass."
"public_employment_counts","2009","INE_HISTORICAL_PUBLICATIONS","unavailable","historical_publication_catalogue","annual_or_publication","none","not_extracted","Pre-SIEP public-employment series not located as a harmonized official annual source in this pass."
"public_employment_counts","2010","INE_HISTORICAL_PUBLICATIONS","unavailable","historical_publication_catalogue","annual_or_publication","none","not_extracted","Pre-SIEP public-employment series not located as a harmonized official annual source in this pass."
"public_employment_counts","2011","DGAEP_SIEP_ARCHIVE","definition-break","pdf_and_excel_catalogue","quarterly_public_employment","SIEP_series_starts_31_December_2011","provisional_possible","DGAEP SIEP materials state the current series starts at 31 December 2011."
"public_employment_counts","2012","DGAEP_SIEP_ARCHIVE;DGAEP_BOEP_ARCHIVE","observed","pdf_and_excel_catalogue","quarterly_public_employment","none","provisional_possible","SIEP and BOEP official routes located; cohort extraction still separate."
"public_employment_counts","2013","DGAEP_SIEP_ARCHIVE;DGAEP_BOEP_ARCHIVE","observed","pdf_and_excel_catalogue","quarterly_public_employment","none","provisional_possible","SIEP and BOEP official routes located; cohort extraction still separate."
"public_employment_counts","2014","DGAEP_SIEP_ARCHIVE;DGAEP_BOEP_ARCHIVE","observed","pdf_and_excel_catalogue","quarterly_public_employment","none","provisional_possible","SIEP and BOEP official routes located; cohort extraction still separate."
"public_employment_counts","2015","DGAEP_SIEP_ARCHIVE;DGAEP_BOEP_ARCHIVE","observed","pdf_and_excel_catalogue","quarterly_public_employment","none","provisional_possible","SIEP and BOEP official routes located; cohort extraction still separate."
"public_employment_counts","2016","DGAEP_SIEP_ARCHIVE;DGAEP_BOEP_ARCHIVE","observed","pdf_and_excel_catalogue","quarterly_public_employment","none","provisional_possible","SIEP and BOEP official routes located; cohort extraction still separate."
"public_employment_counts","2017","DGAEP_SIEP_ARCHIVE;DGAEP_BOEP_ARCHIVE","observed","pdf_and_excel_catalogue","quarterly_public_employment","none","provisional_possible","SIEP and BOEP official routes located; cohort extraction still separate."
"public_employment_counts","2018","DGAEP_SIEP_ARCHIVE;DGAEP_BOEP_ARCHIVE","observed","pdf_and_excel_catalogue","quarterly_public_employment","none","provisional_possible","SIEP and BOEP official routes located; cohort extraction still separate."
"public_employment_counts","2019","DGAEP_SIEP_ARCHIVE;DGAEP_BOEP_ARCHIVE","observed","pdf_and_excel_catalogue","quarterly_public_employment","none","provisional_possible","SIEP and BOEP official routes located; cohort extraction still separate."
"public_employment_counts","2020","DGAEP_SIEP_ARCHIVE;DGAEP_BOEP_ARCHIVE","observed","pdf_and_excel_catalogue","quarterly_public_employment","none","provisional_possible","SIEP and BOEP official routes located; cohort extraction still separate."
"public_employment_counts","2021","DGAEP_SIEP_ARCHIVE;DGAEP_BOEP_ARCHIVE","observed","pdf_and_excel_catalogue","quarterly_public_employment","none","provisional_possible","SIEP and BOEP official routes located; cohort extraction still separate."
"public_employment_counts","2022","DGAEP_SIEP_ARCHIVE;DGAEP_BOEP_ARCHIVE","observed","pdf_and_excel_catalogue","quarterly_public_employment","none","provisional_possible","SIEP and BOEP official routes located; cohort extraction still separate."
"public_employment_counts","2023","DGAEP_SIEP_ARCHIVE;DGAEP_BOEP_ARCHIVE","observed","pdf_and_excel_catalogue","quarterly_public_employment","none","provisional_possible","SIEP and BOEP official routes located; cohort extraction still separate."
"public_employment_counts","2024","DGAEP_SIEP_ARCHIVE;DGAEP_BOEP_ARCHIVE","observed","pdf_and_excel_catalogue","quarterly_public_employment","none","provisional_possible","SIEP and BOEP official routes located; cohort extraction still separate."
"public_employment_counts","2025","DGAEP_SIEP_ARCHIVE;DGAEP_BOEP_ARCHIVE","observed","pdf_and_excel_catalogue","quarterly_public_employment","none","provisional_possible","SIEP and BOEP official routes located; cohort extraction still separate."
"public_worker_cohort_inputs","1977","none","not-applicable","not_applicable","not_applicable","none","not_applicable","Post-2006 new-entrant reallocation is not applicable before CGA closure."
"public_worker_cohort_inputs","1978","none","not-applicable","not_applicable","not_applicable","none","not_applicable","Post-2006 new-entrant reallocation is not applicable before CGA closure."
"public_worker_cohort_inputs","1979","none","not-applicable","not_applicable","not_applicable","none","not_applicable","Post-2006 new-entrant reallocation is not applicable before CGA closure."
"public_worker_cohort_inputs","1980","none","not-applicable","not_applicable","not_applicable","none","not_applicable","Post-2006 new-entrant reallocation is not applicable before CGA closure."
"public_worker_cohort_inputs","1981","none","not-applicable","not_applicable","not_applicable","none","not_applicable","Post-2006 new-entrant reallocation is not applicable before CGA closure."
"public_worker_cohort_inputs","1982","none","not-applicable","not_applicable","not_applicable","none","not_applicable","Post-2006 new-entrant reallocation is not applicable before CGA closure."
"public_worker_cohort_inputs","1983","none","not-applicable","not_applicable","not_applicable","none","not_applicable","Post-2006 new-entrant reallocation is not applicable before CGA closure."
"public_worker_cohort_inputs","1984","none","not-applicable","not_applicable","not_applicable","none","not_applicable","Post-2006 new-entrant reallocation is not applicable before CGA closure."
"public_worker_cohort_inputs","1985","none","not-applicable","not_applicable","not_applicable","none","not_applicable","Post-2006 new-entrant reallocation is not applicable before CGA closure."
"public_worker_cohort_inputs","1986","none","not-applicable","not_applicable","not_applicable","none","not_applicable","Post-2006 new-entrant reallocation is not applicable before CGA closure."
"public_worker_cohort_inputs","1987","none","not-applicable","not_applicable","not_applicable","none","not_applicable","Post-2006 new-entrant reallocation is not applicable before CGA closure."
"public_worker_cohort_inputs","1988","none","not-applicable","not_applicable","not_applicable","none","not_applicable","Post-2006 new-entrant reallocation is not applicable before CGA closure."
"public_worker_cohort_inputs","1989","none","not-applicable","not_applicable","not_applicable","none","not_applicable","Post-2006 new-entrant reallocation is not applicable before CGA closure."
"public_worker_cohort_inputs","1990","none","not-applicable","not_applicable","not_applicable","none","not_applicable","Post-2006 new-entrant reallocation is not applicable before CGA closure."
"public_worker_cohort_inputs","1991","none","not-applicable","not_applicable","not_applicable","none","not_applicable","Post-2006 new-entrant reallocation is not applicable before CGA closure."
"public_worker_cohort_inputs","1992","none","not-applicable","not_applicable","not_applicable","none","not_applicable","Post-2006 new-entrant reallocation is not applicable before CGA closure."
"public_worker_cohort_inputs","1993","none","not-applicable","not_applicable","not_applicable","none","not_applicable","Post-2006 new-entrant reallocation is not applicable before CGA closure."
"public_worker_cohort_inputs","1994","none","not-applicable","not_applicable","not_applicable","none","not_applicable","Post-2006 new-entrant reallocation is not applicable before CGA closure."
"public_worker_cohort_inputs","1995","none","not-applicable","not_applicable","not_applicable","none","not_applicable","Post-2006 new-entrant reallocation is not applicable before CGA closure."
"public_worker_cohort_inputs","1996","none","not-applicable","not_applicable","not_applicable","none","not_applicable","Post-2006 new-entrant reallocation is not applicable before CGA closure."
"public_worker_cohort_inputs","1997","none","not-applicable","not_applicable","not_applicable","none","not_applicable","Post-2006 new-entrant reallocation is not applicable before CGA closure."
"public_worker_cohort_inputs","1998","none","not-applicable","not_applicable","not_applicable","none","not_applicable","Post-2006 new-entrant reallocation is not applicable before CGA closure."
"public_worker_cohort_inputs","1999","none","not-applicable","not_applicable","not_applicable","none","not_applicable","Post-2006 new-entrant reallocation is not applicable before CGA closure."
"public_worker_cohort_inputs","2000","none","not-applicable","not_applicable","not_applicable","none","not_applicable","Post-2006 new-entrant reallocation is not applicable before CGA closure."
"public_worker_cohort_inputs","2001","none","not-applicable","not_applicable","not_applicable","none","not_applicable","Post-2006 new-entrant reallocation is not applicable before CGA closure."
"public_worker_cohort_inputs","2002","none","not-applicable","not_applicable","not_applicable","none","not_applicable","Post-2006 new-entrant reallocation is not applicable before CGA closure."
"public_worker_cohort_inputs","2003","none","not-applicable","not_applicable","not_applicable","none","not_applicable","Post-2006 new-entrant reallocation is not applicable before CGA closure."
"public_worker_cohort_inputs","2004","none","not-applicable","not_applicable","not_applicable","none","not_applicable","Post-2006 new-entrant reallocation is not applicable before CGA closure."
"public_worker_cohort_inputs","2005","none","not-applicable","not_applicable","not_applicable","none","not_applicable","Post-2006 new-entrant reallocation is not applicable before CGA closure."
"public_worker_cohort_inputs","2006","DGAEP_SIEP_ARCHIVE","unavailable","pdf_and_excel_catalogue","cohort_inputs_missing","none","not_extracted","Aggregate public-employment source exists for modern years but required new-entrant cohort input remains unavailable."
"public_worker_cohort_inputs","2007","DGAEP_SIEP_ARCHIVE","unavailable","pdf_and_excel_catalogue","cohort_inputs_missing","none","not_extracted","Aggregate public-employment source exists for modern years but required new-entrant cohort input remains unavailable."
"public_worker_cohort_inputs","2008","DGAEP_SIEP_ARCHIVE","unavailable","pdf_and_excel_catalogue","cohort_inputs_missing","none","not_extracted","Aggregate public-employment source exists for modern years but required new-entrant cohort input remains unavailable."
"public_worker_cohort_inputs","2009","DGAEP_SIEP_ARCHIVE","unavailable","pdf_and_excel_catalogue","cohort_inputs_missing","none","not_extracted","Aggregate public-employment source exists for modern years but required new-entrant cohort input remains unavailable."
"public_worker_cohort_inputs","2010","DGAEP_SIEP_ARCHIVE","unavailable","pdf_and_excel_catalogue","cohort_inputs_missing","none","not_extracted","Aggregate public-employment source exists for modern years but required new-entrant cohort input remains unavailable."
"public_worker_cohort_inputs","2011","DGAEP_SIEP_ARCHIVE","definition-break","pdf_and_excel_catalogue","quarterly_public_employment","SIEP_series_starts_but_new_entrant_cohorts_not_yet_identified","provisional_possible","Aggregate public-employment route starts but cohort-specific entrant fields remain unlocated."
"public_worker_cohort_inputs","2012","DGAEP_SIEP_ARCHIVE","unavailable","pdf_and_excel_catalogue","cohort_inputs_missing","none","not_extracted","Aggregate public-employment source exists for modern years but required new-entrant cohort input remains unavailable."
"public_worker_cohort_inputs","2013","DGAEP_SIEP_ARCHIVE","unavailable","pdf_and_excel_catalogue","cohort_inputs_missing","none","not_extracted","Aggregate public-employment source exists for modern years but required new-entrant cohort input remains unavailable."
"public_worker_cohort_inputs","2014","DGAEP_SIEP_ARCHIVE","unavailable","pdf_and_excel_catalogue","cohort_inputs_missing","none","not_extracted","Aggregate public-employment source exists for modern years but required new-entrant cohort input remains unavailable."
"public_worker_cohort_inputs","2015","DGAEP_SIEP_ARCHIVE","unavailable","pdf_and_excel_catalogue","cohort_inputs_missing","none","not_extracted","Aggregate public-employment source exists for modern years but required new-entrant cohort input remains unavailable."
"public_worker_cohort_inputs","2016","DGAEP_SIEP_ARCHIVE","unavailable","pdf_and_excel_catalogue","cohort_inputs_missing","none","not_extracted","Aggregate public-employment source exists for modern years but required new-entrant cohort input remains unavailable."
"public_worker_cohort_inputs","2017","DGAEP_SIEP_ARCHIVE","unavailable","pdf_and_excel_catalogue","cohort_inputs_missing","none","not_extracted","Aggregate public-employment source exists for modern years but required new-entrant cohort input remains unavailable."
"public_worker_cohort_inputs","2018","DGAEP_SIEP_ARCHIVE","unavailable","pdf_and_excel_catalogue","cohort_inputs_missing","none","not_extracted","Aggregate public-employment source exists for modern years but required new-entrant cohort input remains unavailable."
"public_worker_cohort_inputs","2019","DGAEP_SIEP_ARCHIVE","unavailable","pdf_and_excel_catalogue","cohort_inputs_missing","none","not_extracted","Aggregate public-employment source exists for modern years but required new-entrant cohort input remains unavailable."
"public_worker_cohort_inputs","2020","DGAEP_SIEP_ARCHIVE","unavailable","pdf_and_excel_catalogue","cohort_inputs_missing","none","not_extracted","Aggregate public-employment source exists for modern years but required new-entrant cohort input remains unavailable."
"public_worker_cohort_inputs","2021","DGAEP_SIEP_ARCHIVE","unavailable","pdf_and_excel_catalogue","cohort_inputs_missing","none","not_extracted","Aggregate public-employment source exists for modern years but required new-entrant cohort input remains unavailable."
"public_worker_cohort_inputs","2022","DGAEP_SIEP_ARCHIVE","unavailable","pdf_and_excel_catalogue","cohort_inputs_missing","none","not_extracted","Aggregate public-employment source exists for modern years but required new-entrant cohort input remains unavailable."
"public_worker_cohort_inputs","2023","DGAEP_SIEP_ARCHIVE","unavailable","pdf_and_excel_catalogue","cohort_inputs_missing","none","not_extracted","Aggregate public-employment source exists for modern years but required new-entrant cohort input remains unavailable."
"public_worker_cohort_inputs","2024","DGAEP_SIEP_ARCHIVE","unavailable","pdf_and_excel_catalogue","cohort_inputs_missing","none","not_extracted","Aggregate public-employment source exists for modern years but required new-entrant cohort input remains unavailable."
"public_worker_cohort_inputs","2025","DGAEP_SIEP_ARCHIVE","unavailable","pdf_and_excel_catalogue","cohort_inputs_missing","none","not_extracted","Aggregate public-employment source exists for modern years but required new-entrant cohort input remains unavailable."
"legal_contribution_rules","1977","DR_EA_CONSOLIDATED","unavailable","consolidated_legal_text","current_consolidated_rule","none","requires_primary_law_backfill","Current consolidated rule located but year-specific primary legal sources remain incomplete."
"legal_contribution_rules","1978","DR_EA_CONSOLIDATED","unavailable","consolidated_legal_text","current_consolidated_rule","none","requires_primary_law_backfill","Current consolidated rule located but year-specific primary legal sources remain incomplete."
"legal_contribution_rules","1979","DR_EA_CONSOLIDATED","unavailable","consolidated_legal_text","current_consolidated_rule","none","requires_primary_law_backfill","Current consolidated rule located but year-specific primary legal sources remain incomplete."
"legal_contribution_rules","1980","DR_EA_CONSOLIDATED","unavailable","consolidated_legal_text","current_consolidated_rule","none","requires_primary_law_backfill","Current consolidated rule located but year-specific primary legal sources remain incomplete."
"legal_contribution_rules","1981","DR_EA_CONSOLIDATED","unavailable","consolidated_legal_text","current_consolidated_rule","none","requires_primary_law_backfill","Current consolidated rule located but year-specific primary legal sources remain incomplete."
"legal_contribution_rules","1982","DR_EA_CONSOLIDATED","unavailable","consolidated_legal_text","current_consolidated_rule","none","requires_primary_law_backfill","Current consolidated rule located but year-specific primary legal sources remain incomplete."
"legal_contribution_rules","1983","DR_EA_CONSOLIDATED","unavailable","consolidated_legal_text","current_consolidated_rule","none","requires_primary_law_backfill","Current consolidated rule located but year-specific primary legal sources remain incomplete."
"legal_contribution_rules","1984","DR_EA_CONSOLIDATED","unavailable","consolidated_legal_text","current_consolidated_rule","none","requires_primary_law_backfill","Current consolidated rule located but year-specific primary legal sources remain incomplete."
"legal_contribution_rules","1985","DR_EA_CONSOLIDATED","unavailable","consolidated_legal_text","current_consolidated_rule","none","requires_primary_law_backfill","Current consolidated rule located but year-specific primary legal sources remain incomplete."
"legal_contribution_rules","1986","DR_EA_CONSOLIDATED","unavailable","consolidated_legal_text","current_consolidated_rule","none","requires_primary_law_backfill","Current consolidated rule located but year-specific primary legal sources remain incomplete."
"legal_contribution_rules","1987","DR_EA_CONSOLIDATED","unavailable","consolidated_legal_text","current_consolidated_rule","none","requires_primary_law_backfill","Current consolidated rule located but year-specific primary legal sources remain incomplete."
"legal_contribution_rules","1988","DR_EA_CONSOLIDATED","unavailable","consolidated_legal_text","current_consolidated_rule","none","requires_primary_law_backfill","Current consolidated rule located but year-specific primary legal sources remain incomplete."
"legal_contribution_rules","1989","TC_ACORDAO_255_2020;TC_ACORDAO_362_2016","observed","judicial_review_html","summarized_legal_history","none","requires_primary_law_backfill","TC decisions summarize legal-rate history but primary legal extraction still required."
"legal_contribution_rules","1990","TC_ACORDAO_255_2020;TC_ACORDAO_362_2016","observed","judicial_review_html","summarized_legal_history","none","requires_primary_law_backfill","TC decisions summarize legal-rate history but primary legal extraction still required."
"legal_contribution_rules","1991","TC_ACORDAO_255_2020;TC_ACORDAO_362_2016","observed","judicial_review_html","summarized_legal_history","none","requires_primary_law_backfill","TC decisions summarize legal-rate history but primary legal extraction still required."
"legal_contribution_rules","1992","TC_ACORDAO_255_2020;TC_ACORDAO_362_2016","observed","judicial_review_html","summarized_legal_history","none","requires_primary_law_backfill","TC decisions summarize legal-rate history but primary legal extraction still required."
"legal_contribution_rules","1993","TC_ACORDAO_255_2020;TC_ACORDAO_362_2016","observed","judicial_review_html","summarized_legal_history","none","requires_primary_law_backfill","TC decisions summarize legal-rate history but primary legal extraction still required."
"legal_contribution_rules","1994","TC_ACORDAO_255_2020;TC_ACORDAO_362_2016","observed","judicial_review_html","summarized_legal_history","none","requires_primary_law_backfill","TC decisions summarize legal-rate history but primary legal extraction still required."
"legal_contribution_rules","1995","TC_ACORDAO_255_2020;TC_ACORDAO_362_2016","observed","judicial_review_html","summarized_legal_history","none","requires_primary_law_backfill","TC decisions summarize legal-rate history but primary legal extraction still required."
"legal_contribution_rules","1996","TC_ACORDAO_255_2020;TC_ACORDAO_362_2016","observed","judicial_review_html","summarized_legal_history","none","requires_primary_law_backfill","TC decisions summarize legal-rate history but primary legal extraction still required."
"legal_contribution_rules","1997","TC_ACORDAO_255_2020;TC_ACORDAO_362_2016","observed","judicial_review_html","summarized_legal_history","none","requires_primary_law_backfill","TC decisions summarize legal-rate history but primary legal extraction still required."
"legal_contribution_rules","1998","TC_ACORDAO_255_2020;TC_ACORDAO_362_2016","observed","judicial_review_html","summarized_legal_history","none","requires_primary_law_backfill","TC decisions summarize legal-rate history but primary legal extraction still required."
"legal_contribution_rules","1999","TC_ACORDAO_255_2020;TC_ACORDAO_362_2016","observed","judicial_review_html","summarized_legal_history","none","requires_primary_law_backfill","TC decisions summarize legal-rate history but primary legal extraction still required."
"legal_contribution_rules","2000","TC_ACORDAO_255_2020;TC_ACORDAO_362_2016","observed","judicial_review_html","summarized_legal_history","none","requires_primary_law_backfill","TC decisions summarize legal-rate history but primary legal extraction still required."
"legal_contribution_rules","2001","TC_ACORDAO_255_2020;TC_ACORDAO_362_2016","observed","judicial_review_html","summarized_legal_history","none","requires_primary_law_backfill","TC decisions summarize legal-rate history but primary legal extraction still required."
"legal_contribution_rules","2002","TC_ACORDAO_255_2020;TC_ACORDAO_362_2016","observed","judicial_review_html","summarized_legal_history","none","requires_primary_law_backfill","TC decisions summarize legal-rate history but primary legal extraction still required."
"legal_contribution_rules","2003","TC_ACORDAO_255_2020;TC_ACORDAO_362_2016","observed","judicial_review_html","summarized_legal_history","none","requires_primary_law_backfill","TC decisions summarize legal-rate history but primary legal extraction still required."
"legal_contribution_rules","2004","TC_ACORDAO_255_2020;TC_ACORDAO_362_2016","observed","judicial_review_html","summarized_legal_history","none","requires_primary_law_backfill","TC decisions summarize legal-rate history but primary legal extraction still required."
"legal_contribution_rules","2005","DR_LEI60_2005","definition-break","legal_text","legal_effective_date","CGA_closure_and_RGSS_new_entrant_rule","not_applicable","Closure law located; rate-history extraction remains separate."
"legal_contribution_rules","2006","DR_LEI60_2005","definition-break","legal_text","legal_effective_date","CGA_closure_and_RGSS_new_entrant_rule","not_applicable","Closure law located; rate-history extraction remains separate."
"legal_contribution_rules","2007","TC_ACORDAO_255_2020;TC_ACORDAO_362_2016","observed","judicial_review_html","summarized_legal_history","none","requires_primary_law_backfill","TC decisions summarize legal-rate history but primary legal extraction still required."
"legal_contribution_rules","2008","TC_ACORDAO_255_2020;TC_ACORDAO_362_2016","observed","judicial_review_html","summarized_legal_history","none","requires_primary_law_backfill","TC decisions summarize legal-rate history but primary legal extraction still required."
"legal_contribution_rules","2009","DR_DL54_2009","observed","legal_text_pdf_acquired","legal_effective_date","none","not_applicable","Registered acquired legal source."
"legal_contribution_rules","2010","TC_ACORDAO_255_2020;TC_ACORDAO_362_2016","observed","judicial_review_html","summarized_legal_history","none","requires_primary_law_backfill","TC decisions summarize legal-rate history but primary legal extraction still required."
"legal_contribution_rules","2011","DR_DL1A_2011;DR_DL127_2011","observed","legal_text","legal_effective_date","none","not_applicable","Registered legal sources for 2011 pension-transfer and contribution context."
"legal_contribution_rules","2012","DR_DL88_2012;CGA_ORGANIC_2012","observed","legal_text","legal_effective_date","none","not_applicable","Registered 2012 legal and organic-law sources."
"legal_contribution_rules","2013","TC_ACORDAO_255_2020;TC_ACORDAO_362_2016","observed","judicial_review_html","summarized_legal_history","none","requires_primary_law_backfill","TC decisions summarize legal-rate history but primary legal extraction still required."
"legal_contribution_rules","2014","TC_ACORDAO_255_2020;TC_ACORDAO_362_2016","observed","judicial_review_html","summarized_legal_history","none","requires_primary_law_backfill","TC decisions summarize legal-rate history but primary legal extraction still required."
"legal_contribution_rules","2015","TC_ACORDAO_255_2020;TC_ACORDAO_362_2016","observed","judicial_review_html","summarized_legal_history","none","requires_primary_law_backfill","TC decisions summarize legal-rate history but primary legal extraction still required."
"legal_contribution_rules","2016","DR_EA_CONSOLIDATED","unavailable","consolidated_legal_text","current_consolidated_rule","none","requires_primary_law_backfill","Current consolidated rule located but year-specific primary legal sources remain incomplete."
"legal_contribution_rules","2017","DR_EA_CONSOLIDATED","unavailable","consolidated_legal_text","current_consolidated_rule","none","requires_primary_law_backfill","Current consolidated rule located but year-specific primary legal sources remain incomplete."
"legal_contribution_rules","2018","DR_EA_CONSOLIDATED","unavailable","consolidated_legal_text","current_consolidated_rule","none","requires_primary_law_backfill","Current consolidated rule located but year-specific primary legal sources remain incomplete."
"legal_contribution_rules","2019","DR_EA_CONSOLIDATED","unavailable","consolidated_legal_text","current_consolidated_rule","none","requires_primary_law_backfill","Current consolidated rule located but year-specific primary legal sources remain incomplete."
"legal_contribution_rules","2020","DR_EA_CONSOLIDATED","unavailable","consolidated_legal_text","current_consolidated_rule","none","requires_primary_law_backfill","Current consolidated rule located but year-specific primary legal sources remain incomplete."
"legal_contribution_rules","2021","DR_EA_CONSOLIDATED","unavailable","consolidated_legal_text","current_consolidated_rule","none","requires_primary_law_backfill","Current consolidated rule located but year-specific primary legal sources remain incomplete."
"legal_contribution_rules","2022","DR_EA_CONSOLIDATED","unavailable","consolidated_legal_text","current_consolidated_rule","none","requires_primary_law_backfill","Current consolidated rule located but year-specific primary legal sources remain incomplete."
"legal_contribution_rules","2023","DR_EA_CONSOLIDATED","unavailable","consolidated_legal_text","current_consolidated_rule","none","requires_primary_law_backfill","Current consolidated rule located but year-specific primary legal sources remain incomplete."
"legal_contribution_rules","2024","DR_EA_CONSOLIDATED","unavailable","consolidated_legal_text","current_consolidated_rule","none","requires_primary_law_backfill","Current consolidated rule located but year-specific primary legal sources remain incomplete."
"legal_contribution_rules","2025","DR_EA_CONSOLIDATED","unavailable","consolidated_legal_text","current_consolidated_rule","none","requires_primary_law_backfill","Current consolidated rule located but year-specific primary legal sources remain incomplete."
"bank_pension_transfer_legal","1977","none","not-applicable","not_applicable","not_applicable","none","not_applicable","Bank pension-transfer legal reconstruction is not applicable before the registered event window."
"bank_pension_transfer_legal","1978","none","not-applicable","not_applicable","not_applicable","none","not_applicable","Bank pension-transfer legal reconstruction is not applicable before the registered event window."
"bank_pension_transfer_legal","1979","none","not-applicable","not_applicable","not_applicable","none","not_applicable","Bank pension-transfer legal reconstruction is not applicable before the registered event window."
"bank_pension_transfer_legal","1980","none","not-applicable","not_applicable","not_applicable","none","not_applicable","Bank pension-transfer legal reconstruction is not applicable before the registered event window."
"bank_pension_transfer_legal","1981","none","not-applicable","not_applicable","not_applicable","none","not_applicable","Bank pension-transfer legal reconstruction is not applicable before the registered event window."
"bank_pension_transfer_legal","1982","none","not-applicable","not_applicable","not_applicable","none","not_applicable","Bank pension-transfer legal reconstruction is not applicable before the registered event window."
"bank_pension_transfer_legal","1983","none","not-applicable","not_applicable","not_applicable","none","not_applicable","Bank pension-transfer legal reconstruction is not applicable before the registered event window."
"bank_pension_transfer_legal","1984","none","not-applicable","not_applicable","not_applicable","none","not_applicable","Bank pension-transfer legal reconstruction is not applicable before the registered event window."
"bank_pension_transfer_legal","1985","none","not-applicable","not_applicable","not_applicable","none","not_applicable","Bank pension-transfer legal reconstruction is not applicable before the registered event window."
"bank_pension_transfer_legal","1986","none","not-applicable","not_applicable","not_applicable","none","not_applicable","Bank pension-transfer legal reconstruction is not applicable before the registered event window."
"bank_pension_transfer_legal","1987","none","not-applicable","not_applicable","not_applicable","none","not_applicable","Bank pension-transfer legal reconstruction is not applicable before the registered event window."
"bank_pension_transfer_legal","1988","none","not-applicable","not_applicable","not_applicable","none","not_applicable","Bank pension-transfer legal reconstruction is not applicable before the registered event window."
"bank_pension_transfer_legal","1989","none","not-applicable","not_applicable","not_applicable","none","not_applicable","Bank pension-transfer legal reconstruction is not applicable before the registered event window."
"bank_pension_transfer_legal","1990","none","not-applicable","not_applicable","not_applicable","none","not_applicable","Bank pension-transfer legal reconstruction is not applicable before the registered event window."
"bank_pension_transfer_legal","1991","none","not-applicable","not_applicable","not_applicable","none","not_applicable","Bank pension-transfer legal reconstruction is not applicable before the registered event window."
"bank_pension_transfer_legal","1992","none","not-applicable","not_applicable","not_applicable","none","not_applicable","Bank pension-transfer legal reconstruction is not applicable before the registered event window."
"bank_pension_transfer_legal","1993","none","not-applicable","not_applicable","not_applicable","none","not_applicable","Bank pension-transfer legal reconstruction is not applicable before the registered event window."
"bank_pension_transfer_legal","1994","none","not-applicable","not_applicable","not_applicable","none","not_applicable","Bank pension-transfer legal reconstruction is not applicable before the registered event window."
"bank_pension_transfer_legal","1995","none","not-applicable","not_applicable","not_applicable","none","not_applicable","Bank pension-transfer legal reconstruction is not applicable before the registered event window."
"bank_pension_transfer_legal","1996","none","not-applicable","not_applicable","not_applicable","none","not_applicable","Bank pension-transfer legal reconstruction is not applicable before the registered event window."
"bank_pension_transfer_legal","1997","none","not-applicable","not_applicable","not_applicable","none","not_applicable","Bank pension-transfer legal reconstruction is not applicable before the registered event window."
"bank_pension_transfer_legal","1998","none","not-applicable","not_applicable","not_applicable","none","not_applicable","Bank pension-transfer legal reconstruction is not applicable before the registered event window."
"bank_pension_transfer_legal","1999","none","not-applicable","not_applicable","not_applicable","none","not_applicable","Bank pension-transfer legal reconstruction is not applicable before the registered event window."
"bank_pension_transfer_legal","2000","none","not-applicable","not_applicable","not_applicable","none","not_applicable","Bank pension-transfer legal reconstruction is not applicable before the registered event window."
"bank_pension_transfer_legal","2001","none","not-applicable","not_applicable","not_applicable","none","not_applicable","Bank pension-transfer legal reconstruction is not applicable before the registered event window."
"bank_pension_transfer_legal","2002","none","not-applicable","not_applicable","not_applicable","none","not_applicable","Bank pension-transfer legal reconstruction is not applicable before the registered event window."
"bank_pension_transfer_legal","2003","none","not-applicable","not_applicable","not_applicable","none","not_applicable","Bank pension-transfer legal reconstruction is not applicable before the registered event window."
"bank_pension_transfer_legal","2004","none","not-applicable","not_applicable","not_applicable","none","not_applicable","Bank pension-transfer legal reconstruction is not applicable before the registered event window."
"bank_pension_transfer_legal","2005","none","not-applicable","not_applicable","not_applicable","none","not_applicable","Bank pension-transfer legal reconstruction is not applicable before the registered event window."
"bank_pension_transfer_legal","2006","none","not-applicable","not_applicable","not_applicable","none","not_applicable","Bank pension-transfer legal reconstruction is not applicable before the registered event window."
"bank_pension_transfer_legal","2007","none","not-applicable","not_applicable","not_applicable","none","not_applicable","Bank pension-transfer legal reconstruction is not applicable before the registered event window."
"bank_pension_transfer_legal","2008","none","not-applicable","not_applicable","not_applicable","none","not_applicable","Bank pension-transfer legal reconstruction is not applicable before the registered event window."
"bank_pension_transfer_legal","2009","DR_DL54_2009","observed","legal_text_pdf_acquired","legal_effective_date","none","not_applicable","Registered legal source for bank-worker integration context."
"bank_pension_transfer_legal","2010","none","not-applicable","not_applicable","not_applicable","none","not_applicable","No new registered bank pension-transfer legal event for this year in bounded pass."
"bank_pension_transfer_legal","2011","DR_DL1A_2011;DR_DL127_2011","definition-break","legal_text","legal_effective_date","bank_pension_fund_transfer_framework","not_applicable","Registered 2011 transfer legal framework."
"bank_pension_transfer_legal","2012","DR_DL88_2012","observed","legal_text_pdf_acquired","legal_effective_date","none","not_applicable","Registered 2012 BPN transfer legal source."
"bank_pension_transfer_legal","2013","none","not-applicable","not_applicable","not_applicable","none","not_applicable","No new registered bank pension-transfer legal event for this year in bounded pass."
"bank_pension_transfer_legal","2014","none","not-applicable","not_applicable","not_applicable","none","not_applicable","No new registered bank pension-transfer legal event for this year in bounded pass."
"bank_pension_transfer_legal","2015","none","not-applicable","not_applicable","not_applicable","none","not_applicable","No new registered bank pension-transfer legal event for this year in bounded pass."
"bank_pension_transfer_legal","2016","none","not-applicable","not_applicable","not_applicable","none","not_applicable","No new registered bank pension-transfer legal event for this year in bounded pass."
"bank_pension_transfer_legal","2017","none","not-applicable","not_applicable","not_applicable","none","not_applicable","No new registered bank pension-transfer legal event for this year in bounded pass."
"bank_pension_transfer_legal","2018","none","not-applicable","not_applicable","not_applicable","none","not_applicable","No new registered bank pension-transfer legal event for this year in bounded pass."
"bank_pension_transfer_legal","2019","none","not-applicable","not_applicable","not_applicable","none","not_applicable","No new registered bank pension-transfer legal event for this year in bounded pass."
"bank_pension_transfer_legal","2020","none","not-applicable","not_applicable","not_applicable","none","not_applicable","No new registered bank pension-transfer legal event for this year in bounded pass."
"bank_pension_transfer_legal","2021","none","not-applicable","not_applicable","not_applicable","none","not_applicable","No new registered bank pension-transfer legal event for this year in bounded pass."
"bank_pension_transfer_legal","2022","none","not-applicable","not_applicable","not_applicable","none","not_applicable","No new registered bank pension-transfer legal event for this year in bounded pass."
"bank_pension_transfer_legal","2023","none","not-applicable","not_applicable","not_applicable","none","not_applicable","No new registered bank pension-transfer legal event for this year in bounded pass."
"bank_pension_transfer_legal","2024","none","not-applicable","not_applicable","not_applicable","none","not_applicable","No new registered bank pension-transfer legal event for this year in bounded pass."
"bank_pension_transfer_legal","2025","none","not-applicable","not_applicable","not_applicable","none","not_applicable","No new registered bank pension-transfer legal event for this year in bounded pass."
"bank_asset_liability_transfer_schedules","1977","none","not-applicable","not_applicable","not_applicable","none","not_applicable","Asset-liability transfer schedule is not applicable before the 2011 transfer framework."
"bank_asset_liability_transfer_schedules","1978","none","not-applicable","not_applicable","not_applicable","none","not_applicable","Asset-liability transfer schedule is not applicable before the 2011 transfer framework."
"bank_asset_liability_transfer_schedules","1979","none","not-applicable","not_applicable","not_applicable","none","not_applicable","Asset-liability transfer schedule is not applicable before the 2011 transfer framework."
"bank_asset_liability_transfer_schedules","1980","none","not-applicable","not_applicable","not_applicable","none","not_applicable","Asset-liability transfer schedule is not applicable before the 2011 transfer framework."
"bank_asset_liability_transfer_schedules","1981","none","not-applicable","not_applicable","not_applicable","none","not_applicable","Asset-liability transfer schedule is not applicable before the 2011 transfer framework."
"bank_asset_liability_transfer_schedules","1982","none","not-applicable","not_applicable","not_applicable","none","not_applicable","Asset-liability transfer schedule is not applicable before the 2011 transfer framework."
"bank_asset_liability_transfer_schedules","1983","none","not-applicable","not_applicable","not_applicable","none","not_applicable","Asset-liability transfer schedule is not applicable before the 2011 transfer framework."
"bank_asset_liability_transfer_schedules","1984","none","not-applicable","not_applicable","not_applicable","none","not_applicable","Asset-liability transfer schedule is not applicable before the 2011 transfer framework."
"bank_asset_liability_transfer_schedules","1985","none","not-applicable","not_applicable","not_applicable","none","not_applicable","Asset-liability transfer schedule is not applicable before the 2011 transfer framework."
"bank_asset_liability_transfer_schedules","1986","none","not-applicable","not_applicable","not_applicable","none","not_applicable","Asset-liability transfer schedule is not applicable before the 2011 transfer framework."
"bank_asset_liability_transfer_schedules","1987","none","not-applicable","not_applicable","not_applicable","none","not_applicable","Asset-liability transfer schedule is not applicable before the 2011 transfer framework."
"bank_asset_liability_transfer_schedules","1988","none","not-applicable","not_applicable","not_applicable","none","not_applicable","Asset-liability transfer schedule is not applicable before the 2011 transfer framework."
"bank_asset_liability_transfer_schedules","1989","none","not-applicable","not_applicable","not_applicable","none","not_applicable","Asset-liability transfer schedule is not applicable before the 2011 transfer framework."
"bank_asset_liability_transfer_schedules","1990","none","not-applicable","not_applicable","not_applicable","none","not_applicable","Asset-liability transfer schedule is not applicable before the 2011 transfer framework."
"bank_asset_liability_transfer_schedules","1991","none","not-applicable","not_applicable","not_applicable","none","not_applicable","Asset-liability transfer schedule is not applicable before the 2011 transfer framework."
"bank_asset_liability_transfer_schedules","1992","none","not-applicable","not_applicable","not_applicable","none","not_applicable","Asset-liability transfer schedule is not applicable before the 2011 transfer framework."
"bank_asset_liability_transfer_schedules","1993","none","not-applicable","not_applicable","not_applicable","none","not_applicable","Asset-liability transfer schedule is not applicable before the 2011 transfer framework."
"bank_asset_liability_transfer_schedules","1994","none","not-applicable","not_applicable","not_applicable","none","not_applicable","Asset-liability transfer schedule is not applicable before the 2011 transfer framework."
"bank_asset_liability_transfer_schedules","1995","none","not-applicable","not_applicable","not_applicable","none","not_applicable","Asset-liability transfer schedule is not applicable before the 2011 transfer framework."
"bank_asset_liability_transfer_schedules","1996","none","not-applicable","not_applicable","not_applicable","none","not_applicable","Asset-liability transfer schedule is not applicable before the 2011 transfer framework."
"bank_asset_liability_transfer_schedules","1997","none","not-applicable","not_applicable","not_applicable","none","not_applicable","Asset-liability transfer schedule is not applicable before the 2011 transfer framework."
"bank_asset_liability_transfer_schedules","1998","none","not-applicable","not_applicable","not_applicable","none","not_applicable","Asset-liability transfer schedule is not applicable before the 2011 transfer framework."
"bank_asset_liability_transfer_schedules","1999","none","not-applicable","not_applicable","not_applicable","none","not_applicable","Asset-liability transfer schedule is not applicable before the 2011 transfer framework."
"bank_asset_liability_transfer_schedules","2000","none","not-applicable","not_applicable","not_applicable","none","not_applicable","Asset-liability transfer schedule is not applicable before the 2011 transfer framework."
"bank_asset_liability_transfer_schedules","2001","none","not-applicable","not_applicable","not_applicable","none","not_applicable","Asset-liability transfer schedule is not applicable before the 2011 transfer framework."
"bank_asset_liability_transfer_schedules","2002","none","not-applicable","not_applicable","not_applicable","none","not_applicable","Asset-liability transfer schedule is not applicable before the 2011 transfer framework."
"bank_asset_liability_transfer_schedules","2003","none","not-applicable","not_applicable","not_applicable","none","not_applicable","Asset-liability transfer schedule is not applicable before the 2011 transfer framework."
"bank_asset_liability_transfer_schedules","2004","none","not-applicable","not_applicable","not_applicable","none","not_applicable","Asset-liability transfer schedule is not applicable before the 2011 transfer framework."
"bank_asset_liability_transfer_schedules","2005","none","not-applicable","not_applicable","not_applicable","none","not_applicable","Asset-liability transfer schedule is not applicable before the 2011 transfer framework."
"bank_asset_liability_transfer_schedules","2006","none","not-applicable","not_applicable","not_applicable","none","not_applicable","Asset-liability transfer schedule is not applicable before the 2011 transfer framework."
"bank_asset_liability_transfer_schedules","2007","none","not-applicable","not_applicable","not_applicable","none","not_applicable","Asset-liability transfer schedule is not applicable before the 2011 transfer framework."
"bank_asset_liability_transfer_schedules","2008","none","not-applicable","not_applicable","not_applicable","none","not_applicable","Asset-liability transfer schedule is not applicable before the 2011 transfer framework."
"bank_asset_liability_transfer_schedules","2009","none","not-applicable","not_applicable","not_applicable","none","not_applicable","Asset-liability transfer schedule is not applicable before the 2011 transfer framework."
"bank_asset_liability_transfer_schedules","2010","none","not-applicable","not_applicable","not_applicable","none","not_applicable","Asset-liability transfer schedule is not applicable before the 2011 transfer framework."
"bank_asset_liability_transfer_schedules","2011","DR_DL127_2011","definition-break","legal_text","transaction_framework","bank_pension_assets_and_liabilities_assumed","requires_valuation_schedule","Legal framework observed; bank-level valuation schedules remain missing."
"bank_asset_liability_transfer_schedules","2012","DR_DL88_2012","observed","legal_text_pdf_acquired","transaction_framework","none","requires_valuation_schedule","BPN legal transfer source observed; detailed valuation schedules remain missing."
"bank_asset_liability_transfer_schedules","2013","DR_DL127_2011","unavailable","legal_text","annual_lifecycle_schedule_missing","none","requires_cashflow_schedule","Post-transfer annual asset drawdown and liability cash-flow schedules remain unavailable."
"bank_asset_liability_transfer_schedules","2014","DR_DL127_2011","unavailable","legal_text","annual_lifecycle_schedule_missing","none","requires_cashflow_schedule","Post-transfer annual asset drawdown and liability cash-flow schedules remain unavailable."
"bank_asset_liability_transfer_schedules","2015","DR_DL127_2011","unavailable","legal_text","annual_lifecycle_schedule_missing","none","requires_cashflow_schedule","Post-transfer annual asset drawdown and liability cash-flow schedules remain unavailable."
"bank_asset_liability_transfer_schedules","2016","DR_DL127_2011","unavailable","legal_text","annual_lifecycle_schedule_missing","none","requires_cashflow_schedule","Post-transfer annual asset drawdown and liability cash-flow schedules remain unavailable."
"bank_asset_liability_transfer_schedules","2017","DR_DL127_2011","unavailable","legal_text","annual_lifecycle_schedule_missing","none","requires_cashflow_schedule","Post-transfer annual asset drawdown and liability cash-flow schedules remain unavailable."
"bank_asset_liability_transfer_schedules","2018","DR_DL127_2011","unavailable","legal_text","annual_lifecycle_schedule_missing","none","requires_cashflow_schedule","Post-transfer annual asset drawdown and liability cash-flow schedules remain unavailable."
"bank_asset_liability_transfer_schedules","2019","DR_DL127_2011","unavailable","legal_text","annual_lifecycle_schedule_missing","none","requires_cashflow_schedule","Post-transfer annual asset drawdown and liability cash-flow schedules remain unavailable."
"bank_asset_liability_transfer_schedules","2020","DR_DL127_2011","unavailable","legal_text","annual_lifecycle_schedule_missing","none","requires_cashflow_schedule","Post-transfer annual asset drawdown and liability cash-flow schedules remain unavailable."
"bank_asset_liability_transfer_schedules","2021","DR_DL127_2011","unavailable","legal_text","annual_lifecycle_schedule_missing","none","requires_cashflow_schedule","Post-transfer annual asset drawdown and liability cash-flow schedules remain unavailable."
"bank_asset_liability_transfer_schedules","2022","DR_DL127_2011","unavailable","legal_text","annual_lifecycle_schedule_missing","none","requires_cashflow_schedule","Post-transfer annual asset drawdown and liability cash-flow schedules remain unavailable."
"bank_asset_liability_transfer_schedules","2023","DR_DL127_2011","unavailable","legal_text","annual_lifecycle_schedule_missing","none","requires_cashflow_schedule","Post-transfer annual asset drawdown and liability cash-flow schedules remain unavailable."
"bank_asset_liability_transfer_schedules","2024","DR_DL127_2011","unavailable","legal_text","annual_lifecycle_schedule_missing","none","requires_cashflow_schedule","Post-transfer annual asset drawdown and liability cash-flow schedules remain unavailable."
"bank_asset_liability_transfer_schedules","2025","DR_DL127_2011","unavailable","legal_text","annual_lifecycle_schedule_missing","none","requires_cashflow_schedule","Post-transfer annual asset drawdown and liability cash-flow schedules remain unavailable."
"esa_pension_transfer_treatment","1977","none","not-applicable","not_applicable","not_applicable","none","not_applicable","ESA pension-transfer treatment bridge is not applicable before the relevant transfer/revision window."
"esa_pension_transfer_treatment","1978","none","not-applicable","not_applicable","not_applicable","none","not_applicable","ESA pension-transfer treatment bridge is not applicable before the relevant transfer/revision window."
"esa_pension_transfer_treatment","1979","none","not-applicable","not_applicable","not_applicable","none","not_applicable","ESA pension-transfer treatment bridge is not applicable before the relevant transfer/revision window."
"esa_pension_transfer_treatment","1980","none","not-applicable","not_applicable","not_applicable","none","not_applicable","ESA pension-transfer treatment bridge is not applicable before the relevant transfer/revision window."
"esa_pension_transfer_treatment","1981","none","not-applicable","not_applicable","not_applicable","none","not_applicable","ESA pension-transfer treatment bridge is not applicable before the relevant transfer/revision window."
"esa_pension_transfer_treatment","1982","none","not-applicable","not_applicable","not_applicable","none","not_applicable","ESA pension-transfer treatment bridge is not applicable before the relevant transfer/revision window."
"esa_pension_transfer_treatment","1983","none","not-applicable","not_applicable","not_applicable","none","not_applicable","ESA pension-transfer treatment bridge is not applicable before the relevant transfer/revision window."
"esa_pension_transfer_treatment","1984","none","not-applicable","not_applicable","not_applicable","none","not_applicable","ESA pension-transfer treatment bridge is not applicable before the relevant transfer/revision window."
"esa_pension_transfer_treatment","1985","none","not-applicable","not_applicable","not_applicable","none","not_applicable","ESA pension-transfer treatment bridge is not applicable before the relevant transfer/revision window."
"esa_pension_transfer_treatment","1986","none","not-applicable","not_applicable","not_applicable","none","not_applicable","ESA pension-transfer treatment bridge is not applicable before the relevant transfer/revision window."
"esa_pension_transfer_treatment","1987","none","not-applicable","not_applicable","not_applicable","none","not_applicable","ESA pension-transfer treatment bridge is not applicable before the relevant transfer/revision window."
"esa_pension_transfer_treatment","1988","none","not-applicable","not_applicable","not_applicable","none","not_applicable","ESA pension-transfer treatment bridge is not applicable before the relevant transfer/revision window."
"esa_pension_transfer_treatment","1989","none","not-applicable","not_applicable","not_applicable","none","not_applicable","ESA pension-transfer treatment bridge is not applicable before the relevant transfer/revision window."
"esa_pension_transfer_treatment","1990","none","not-applicable","not_applicable","not_applicable","none","not_applicable","ESA pension-transfer treatment bridge is not applicable before the relevant transfer/revision window."
"esa_pension_transfer_treatment","1991","none","not-applicable","not_applicable","not_applicable","none","not_applicable","ESA pension-transfer treatment bridge is not applicable before the relevant transfer/revision window."
"esa_pension_transfer_treatment","1992","none","not-applicable","not_applicable","not_applicable","none","not_applicable","ESA pension-transfer treatment bridge is not applicable before the relevant transfer/revision window."
"esa_pension_transfer_treatment","1993","none","not-applicable","not_applicable","not_applicable","none","not_applicable","ESA pension-transfer treatment bridge is not applicable before the relevant transfer/revision window."
"esa_pension_transfer_treatment","1994","none","not-applicable","not_applicable","not_applicable","none","not_applicable","ESA pension-transfer treatment bridge is not applicable before the relevant transfer/revision window."
"esa_pension_transfer_treatment","1995","none","not-applicable","not_applicable","not_applicable","none","not_applicable","ESA pension-transfer treatment bridge is not applicable before the relevant transfer/revision window."
"esa_pension_transfer_treatment","1996","none","not-applicable","not_applicable","not_applicable","none","not_applicable","ESA pension-transfer treatment bridge is not applicable before the relevant transfer/revision window."
"esa_pension_transfer_treatment","1997","none","not-applicable","not_applicable","not_applicable","none","not_applicable","ESA pension-transfer treatment bridge is not applicable before the relevant transfer/revision window."
"esa_pension_transfer_treatment","1998","none","not-applicable","not_applicable","not_applicable","none","not_applicable","ESA pension-transfer treatment bridge is not applicable before the relevant transfer/revision window."
"esa_pension_transfer_treatment","1999","none","not-applicable","not_applicable","not_applicable","none","not_applicable","ESA pension-transfer treatment bridge is not applicable before the relevant transfer/revision window."
"esa_pension_transfer_treatment","2000","none","not-applicable","not_applicable","not_applicable","none","not_applicable","ESA pension-transfer treatment bridge is not applicable before the relevant transfer/revision window."
"esa_pension_transfer_treatment","2001","none","not-applicable","not_applicable","not_applicable","none","not_applicable","ESA pension-transfer treatment bridge is not applicable before the relevant transfer/revision window."
"esa_pension_transfer_treatment","2002","none","not-applicable","not_applicable","not_applicable","none","not_applicable","ESA pension-transfer treatment bridge is not applicable before the relevant transfer/revision window."
"esa_pension_transfer_treatment","2003","none","not-applicable","not_applicable","not_applicable","none","not_applicable","ESA pension-transfer treatment bridge is not applicable before the relevant transfer/revision window."
"esa_pension_transfer_treatment","2004","none","not-applicable","not_applicable","not_applicable","none","not_applicable","ESA pension-transfer treatment bridge is not applicable before the relevant transfer/revision window."
"esa_pension_transfer_treatment","2005","none","not-applicable","not_applicable","not_applicable","none","not_applicable","ESA pension-transfer treatment bridge is not applicable before the relevant transfer/revision window."
"esa_pension_transfer_treatment","2006","none","not-applicable","not_applicable","not_applicable","none","not_applicable","ESA pension-transfer treatment bridge is not applicable before the relevant transfer/revision window."
"esa_pension_transfer_treatment","2007","none","not-applicable","not_applicable","not_applicable","none","not_applicable","ESA pension-transfer treatment bridge is not applicable before the relevant transfer/revision window."
"esa_pension_transfer_treatment","2008","none","not-applicable","not_applicable","not_applicable","none","not_applicable","ESA pension-transfer treatment bridge is not applicable before the relevant transfer/revision window."
"esa_pension_transfer_treatment","2009","none","not-applicable","not_applicable","not_applicable","none","not_applicable","ESA pension-transfer treatment bridge is not applicable before the relevant transfer/revision window."
"esa_pension_transfer_treatment","2010","BDP_ESA2010_SERIES;EC_EXPOST_PAEF","revision-conflict","statistical_methodology_and_official_evaluation","national_accounts_revision","ESA95_to_ESA2010_pension_transfer_reclassification","ESA95_ESA2010_conflict","ESA2010 reclassified pension fund transfers as financial transactions changing deficit timing."
"esa_pension_transfer_treatment","2011","BDP_ESA2010_SERIES;EC_EXPOST_PAEF","revision-conflict","statistical_methodology_and_official_evaluation","national_accounts_revision","ESA95_to_ESA2010_pension_transfer_reclassification","ESA95_ESA2010_conflict","ESA2010 reclassified pension fund transfers as financial transactions changing deficit timing."
"esa_pension_transfer_treatment","2012","BDP_ESA2010_SERIES;EC_EXPOST_PAEF","revision-conflict","statistical_methodology_and_official_evaluation","national_accounts_revision","ESA95_to_ESA2010_pension_transfer_reclassification","ESA95_ESA2010_conflict","ESA2010 reclassified pension fund transfers as financial transactions changing deficit timing."
"esa_pension_transfer_treatment","2013","BDP_ESA2010_SERIES;EC_EXPOST_PAEF","revision-conflict","statistical_methodology_and_official_evaluation","national_accounts_revision","ESA95_to_ESA2010_pension_transfer_reclassification","ESA95_ESA2010_conflict","ESA2010 reclassified pension fund transfers as financial transactions changing deficit timing."
"esa_pension_transfer_treatment","2014","BDP_ESA2010_SERIES;EC_EXPOST_PAEF","revision-conflict","statistical_methodology_and_official_evaluation","national_accounts_revision","ESA95_to_ESA2010_pension_transfer_reclassification","ESA95_ESA2010_conflict","ESA2010 reclassified pension fund transfers as financial transactions changing deficit timing."
"esa_pension_transfer_treatment","2015","BDP_ESA2010_SERIES","observed","statistical_methodology","national_accounts_standard","none","ESA2010_basis","ESA2010 treatment source located for current classification basis."
"esa_pension_transfer_treatment","2016","BDP_ESA2010_SERIES","observed","statistical_methodology","national_accounts_standard","none","ESA2010_basis","ESA2010 treatment source located for current classification basis."
"esa_pension_transfer_treatment","2017","BDP_ESA2010_SERIES","observed","statistical_methodology","national_accounts_standard","none","ESA2010_basis","ESA2010 treatment source located for current classification basis."
"esa_pension_transfer_treatment","2018","BDP_ESA2010_SERIES","observed","statistical_methodology","national_accounts_standard","none","ESA2010_basis","ESA2010 treatment source located for current classification basis."
"esa_pension_transfer_treatment","2019","BDP_ESA2010_SERIES","observed","statistical_methodology","national_accounts_standard","none","ESA2010_basis","ESA2010 treatment source located for current classification basis."
"esa_pension_transfer_treatment","2020","BDP_ESA2010_SERIES","observed","statistical_methodology","national_accounts_standard","none","ESA2010_basis","ESA2010 treatment source located for current classification basis."
"esa_pension_transfer_treatment","2021","BDP_ESA2010_SERIES","observed","statistical_methodology","national_accounts_standard","none","ESA2010_basis","ESA2010 treatment source located for current classification basis."
"esa_pension_transfer_treatment","2022","BDP_ESA2010_SERIES","observed","statistical_methodology","national_accounts_standard","none","ESA2010_basis","ESA2010 treatment source located for current classification basis."
"esa_pension_transfer_treatment","2023","BDP_ESA2010_SERIES","observed","statistical_methodology","national_accounts_standard","none","ESA2010_basis","ESA2010 treatment source located for current classification basis."
"esa_pension_transfer_treatment","2024","BDP_ESA2010_SERIES","observed","statistical_methodology","national_accounts_standard","none","ESA2010_basis","ESA2010 treatment source located for current classification basis."
"esa_pension_transfer_treatment","2025","BDP_ESA2010_SERIES","observed","statistical_methodology","national_accounts_standard","none","ESA2010_basis","ESA2010 treatment source located for current classification basis."
